MSA,NUM,PercentbyFemale,Percent by fertility,HighSchool,Bachelor,MedianIncome,Poverty,Insurance,Unmarried,White,Black,AmericanIndian,Asian
10180,4,4.84E-05,0.001675744,84.1,21.4,44249,13.2,98.19,51.6,0.82342033,0.079098647,0.005132469,0.014577887
10380,0,0,0,64.2,18.9,15681,49.4,99.74,57.7,0.752036866,0.02971197,0.001715256,0.003300659
10420,38,0.000104937,0.004812563,90.8,29,50776,10.6,99.1,52.5,0.828658482,0.11905402,0.001694127,0.022180118
10500,7,8.52E-05,0.002725857,79.3,16.6,36805,21.7,99.21,59.2,0.441738032,0.526450806,0.001167792,0.009444437
10540,3,5.03E-05,0.002295333,89.6,17.5,44965,14.1,99.47,47.1,0.924173501,0.004734929,0.018762154,0.011524478
10580,39,8.71E-05,0.004173355,92,34.4,61841,7.7,98.88,53.7,0.845364204,0.076728566,0.001672059,0.035779101
10740,67,0.000146577,0.005497661,87.5,30.1,48875,14.6,99.52,54.3,0.717565844,0.026707832,0.055390891,0.020139311
10780,12,0.0001535,0.007407407,82.6,16.8,41032,15.6,98.76,55.7,0.66291844,0.297563437,0.006547534,0.012752164
10900,18,4.25E-05,0.00196915,88.4,26.8,58681,8.1,98.84,49.1,0.847715005,0.05293007,0.002409653,0.026801491
11020,13,0.00020025,0.010108865,90.3,18.6,43871,9.2,98.72,50.5,0.961541497,0.016107902,0.000528775,0.008018436
11100,10,7.81E-05,0.002704164,84.3,23.2,49553,12,98.93,49.7,0.848718866,0.059283063,0.006687727,0.028447156
11180,1,2.26E-05,0.001234568,95.8,48.5,51270,6.4,99.13,57.5,0.884793178,0.024472748,0.001544502,0.062073766
11260,10,5.23E-05,0.001667779,92.5,30.1,76453,6,98.85,50.8,0.701151214,0.047068907,0.065402109,0.067787185
11460,27,0.000151631,0.006460876,94.3,51.8,60805,7.9,99,56.1,0.741784131,0.120894911,0.002791261,0.082258276
11500,4,6.59E-05,0.003451251,80.1,16.9,40919,17,99.23,52.1,0.752009626,0.208181865,0.002321096,0.008012903
11540,13,0.000113623,0.005235602,93,27.1,60413,5.6,99.34,43,0.917805643,0.009591456,0.013212853,0.02846821
11640,0,0,0,69.4,21.1,17566,45.1,99.91,56.3,0.866681311,0.028235138,0.001491706,0.005481509
11700,9,4.02E-05,0.002028398,88.7,31.1,44820,11.4,98.68,48.2,0.905956547,0.047178696,0.003053988,0.009602866
12020,12,0.000117861,0.005300353,85.7,34.4,41624,15.2,99.51,60.2,0.732554881,0.19401183,0.001696495,0.034245773
12060,322,0.000114782,0.004270217,87.9,35.3,56618,12,99.52,52.2,0.560562106,0.328906979,0.002715097,0.051509124
12100,2,1.41E-05,0.000694203,84.7,24.4,54392,11.9,99.11,54.9,0.671450104,0.158525379,0.002073913,0.081133206
12220,4,5.34E-05,0.002216066,87.5,33.2,43641,13.2,99.44,56,0.705920563,0.231016984,0.001874281,0.030901955
12260,29,9.82E-05,0.003947727,85.2,24,46144,15.5,98.91,54.2,0.587632824,0.355652293,0.002513597,0.01801035
12420,52,5.67E-05,0.003660941,88.3,41,61900,10,99.32,52.4,0.782785545,0.073011897,0.004809222,0.050414819
12540,44,0.000105511,0.001665973,73,15.2,48574,19.3,99.64,53.2,0.737355578,0.056442004,0.012372192,0.044170077
12580,57,4.00E-05,0.001535229,89.2,36.6,70311,7.7,98.99,54.1,0.618250335,0.28828,0.002407936,0.049213408
12620,1,1.28E-05,0.000648088,90.7,24.2,44543,10.7,98.94,51.7,0.951974588,0.007772071,0.0107403,0.010095882
12700,1,8.88E-06,0.000725163,95,39.9,61597,6.2,98.75,47.2,0.930779348,0.025022424,0.004229273,0.013310591
12940,81,0.000195041,0.007608491,86.5,26.9,51829,12.4,99.06,55.9,0.601255515,0.355881469,0.002390756,0.019299096
12980,4,5.79E-05,0.002582311,89.2,19.6,43199,13,98.8,53,0.828953015,0.108923418,0.007421384,0.018668147
13020,4,7.35E-05,0.003132341,89,18.6,45715,11.3,99.07,49.8,0.945140744,0.012860265,0.003474233,0.005510208
13140,13,6.49E-05,0.002636382,84.3,16.4,44845,14.9,99.22,52.5,0.688215427,0.241512473,0.00345159,0.0258511
13220,7,0.000112428,0.005247376,81.9,15.9,38606,14.6,98.98,49,0.901795465,0.070790775,0.001951243,0.007411512
13380,2,1.93E-05,0.000810373,91,32.4,53025,10.6,99.48,51,0.862107344,0.008962437,0.026999585,0.039217983
13460,7,8.47E-05,0.003686151,92.9,31.3,49584,10.8,99.66,45.2,0.932518496,0.003794264,0.005682201,0.012149
13740,7,8.44E-05,0.003670687,92.5,28.7,51481,8.5,98.51,49,0.909952607,0.006341625,0.040388724,0.007440513
13780,11,8.67E-05,0.003834089,89.7,25.7,48290,10.4,98.56,52.9,0.89378202,0.041378314,0.002419151,0.031673627
13820,41,6.96E-05,0.002677289,86.2,27.8,48438,13.1,99.2,51.3,0.667715806,0.284904723,0.002894673,0.01327305
13900,1,1.65E-05,0.000563698,92.6,30.8,62375,5.9,98.68,45.8,0.898258319,0.007374387,0.064124022,0.004772637
13980,2,2.25E-05,0.001059883,86.9,31.1,44564,9.4,99.29,56.9,0.896552682,0.04530649,0.001912088,0.035468128
14010,10,0.000103499,0.003930818,94.5,40.8,61173,7.1,99.24,52.3,0.851321942,0.071823819,0.001424403,0.04212845
14020,7,8.58E-05,0.003510532,90.7,38.8,42416,12.3,99.14,61.6,0.88454766,0.02636958,0.003767962,0.05224046
14100,3,6.76E-05,0.003340757,89,22.9,47909,7.7,98.26,51.3,0.952947501,0.018734515,0.001086906,0.014679071
14260,62,0.00019366,0.007054272,90.1,29.8,50776,10.9,99.53,45.5,0.915338265,0.008200233,0.007454473,0.020202747
14460,113,4.72E-05,0.002050445,90.8,44,74494,7.3,99.15,52.6,0.781184878,0.076908307,0.001770204,0.06958001
14500,7,4.61E-05,0.00212057,94,58.2,69407,7,99.36,52.3,0.876808032,0.009244149,0.005239771,0.041767431
14540,15,0.000181194,0.007281553,84,22.5,43396,13.7,99,50.4,0.86452853,0.071185668,0.002753786,0.020477816
14740,0,0,0,94.1,30,62473,7.6,98.78,47,0.821437302,0.026721711,0.013981878,0.049188925
14860,25,5.21E-05,0.00233296,89.2,45.4,83163,6.6,98.9,48.8,0.74337813,0.11050133,0.002136553,0.048768217
15180,5,2.33E-05,0.000803213,64.1,16.1,33390,30,99.49,50.6,0.919458544,0.005386615,0.001830871,0.006865766
15260,11,0.000184582,0.008972268,84.1,21.7,44055,15.2,99.32,50.4,0.702268165,0.232522101,0.00312577,0.011138309
15380,68,0.000115975,0.00530711,90.2,29.6,50726,10.7,99.05,55,0.8086587,0.120667414,0.005694451,0.02573994
15500,7,8.69E-05,0.004086398,82.6,21,42592,13.9,99.24,50.5,0.704800505,0.179848159,0.003330883,0.013095834
15540,2,1.83E-05,0.000796178,92.7,41.6,62175,6.4,99.16,51.6,0.928323305,0.016779575,0.003501784,0.022838736
15680,0,0,0,91,29.8,88190,5.1,99.2,44.2,0.790406741,0.143437938,0.002525997,0.024596209
15940,12,5.78E-05,0.002467613,89.5,20.7,46233,11,98.49,49.5,0.894080951,0.066447158,0.001194166,0.007003957
15980,7,2.12E-05,0.001087632,86.9,25.3,47908,11,99.4,49.4,0.842562937,0.086005183,0.003218264,0.015594066
16020,6,0.00012032,0.004958678,85.8,24.1,42889,12.9,98.64,51,0.876910104,0.087828805,0.002344569,0.011465767
16060,2,3.14E-05,0.001439885,89.6,27.1,39227,14.4,98.92,54.7,0.855790062,0.090843201,0.003773644,0.020034191
16180,1,3.76E-05,0.002136752,86.8,20.4,50108,12.7,98.84,54.1,0.833308929,0.015338434,0.025533551,0.023465241
16220,2,5.15E-05,0.001998002,91.8,21.3,56769,7.4,98.96,48.9,0.924161338,0.010474532,0.012203338,0.008999962
16300,7,5.31E-05,0.001840168,93.7,29.2,59000,5.9,99.07,47.2,0.912213259,0.038266604,0.002597264,0.016413634
16540,12,0.000155145,0.006896552,85.8,19.1,53394,8.2,99.09,45.2,0.931057241,0.036985949,0.00248157,0.00902869
16580,2,1.70E-05,0.00083612,93.3,39.3,48182,10,99.05,58.1,0.772316254,0.109050078,0.001623543,0.083887298
16620,16,0.000137504,0.007604563,85.8,22.6,45692,11.8,99.34,50.3,0.902565173,0.036373242,0.001540524,0.008723718
16700,59,0.000165565,0.006497797,88.8,32.1,52517,11.8,99.42,53.3,0.672145089,0.270628341,0.003437638,0.01655717
16740,136,0.000115117,0.004231619,86.9,31.4,52591,11.8,99.43,50.1,0.692285709,0.220427028,0.004125424,0.029784485
16820,3,2.60E-05,0.001283148,87.3,41.3,59189,7.8,98.1,52.2,0.785952847,0.139915629,0.002003918,0.035684986
16860,10,3.61E-05,0.001448855,84.7,23.7,46228,11.8,99.2,49.6,0.8138955,0.138339068,0.00299034,0.014672579
16940,2,4.24E-05,0.001659751,93.4,26.8,58324,7.9,98.59,46.2,0.873681312,0.028915816,0.009140787,0.011237978
16980,242,4.97E-05,0.00195907,86.9,35.1,61497,10.6,99.26,52.8,0.666110927,0.170298939,0.002474663,0.059620249
17020,10,8.94E-05,0.003466205,88,25,43165,12.9,99.13,57.1,0.835267942,0.014658495,0.012036394,0.042350775
17140,177,0.000162485,0.006222753,89.3,30.5,55204,10.3,99.09,50.5,0.827939673,0.122060163,0.001798486,0.02072387
17300,8,5.94E-05,0.001535509,89.1,21.4,46653,13.5,98.33,45.9,0.729773851,0.186481306,0.005643562,0.018304642
17420,0,0,0,81.7,17.9,41301,15.1,99.22,47.6,0.926613376,0.038914704,0.002276608,0.008673196
17460,56,5.22E-05,0.00241838,89,28.9,49551,11.7,98.88,54.4,0.743747249,0.199540989,0.002098196,0.020628395
17660,7,9.68E-05,0.002926421,92.1,23.1,49292,9.1,99.47,44.1,0.945959953,0.003361745,0.014245393,0.011317874
17780,10,8.60E-05,0.002724053,84,34.1,39915,15.2,98.71,60.7,0.748219416,0.117089361,0.003187204,0.047706063
17820,10,3.00E-05,0.00101688,93.5,35.1,57735,8.8,98.61,46.3,0.811992766,0.05786689,0.006319219,0.025898635
17860,2,2.30E-05,0.000732332,93.2,47.7,49059,9.3,99.24,56.1,0.825165807,0.087265553,0.002775335,0.040049207
17900,68,0.000168837,0.006782366,87.9,30.4,49238,12.1,98.16,54.9,0.607414572,0.331513525,0.001985477,0.018271998
17980,18,0.000115717,0.003633428,85.1,22.5,42278,15.1,98.9,57.1,0.525046779,0.399253477,0.002977011,0.018371205
18020,6,0.00015181,0.006042296,89.7,27.9,54488,9.2,98.75,45.6,0.875705855,0.019242509,0.003484764,0.043902935
18140,128,0.000129201,0.00481837,90.1,33.3,55115,10.9,99.07,52,0.780098738,0.144704207,0.001628693,0.032876704
18580,14,6.31E-05,0.002154841,80.1,19.5,49359,13.9,99.05,53.1,0.870684848,0.036553089,0.004502569,0.015777276
18700,0,0,0,94.6,51.4,49338,9.1,99.79,55.9,0.879373271,0.009961178,0.005625683,0.060324988
18880,1,8.19E-06,0.000303674,89.5,27.3,53083,11.1,98.72,48.6,0.812285002,0.083527481,0.007969855,0.025980025
19060,7,0.000140585,0.006071119,87.2,15.9,37276,11.4,98.72,56.2,0.904817054,0.067132538,0.00098147,0.00651696
19100,293,8.61E-05,0.00279922,84.1,32,59175,11.5,99.39,49.3,0.694944965,0.150070714,0.004474401,0.056845571
19140,6,8.33E-05,0.003177966,68.6,12.7,38818,16.5,99.27,47.1,0.895964868,0.032922244,0.00213963,0.009442433
19180,1,2.46E-05,0.001026694,86.3,13.8,42548,14.6,99.07,53.8,0.827987075,0.135428918,0.003478885,0.00825771
19300,2,2.04E-05,0.000829876,89,28.6,50183,10.2,99.52,45,0.866467927,0.093653409,0.005224759,0.006568866
19340,5,2.58E-05,0.001030078,90.2,25.6,51263,9.5,98.99,49.1,0.860232566,0.073692176,0.002791212,0.017333791
19380,41,9.92E-05,0.004217239,89.4,26.5,47162,12.8,98.62,53.3,0.789803297,0.156326481,0.0018109,0.020566384
19460,6,7.66E-05,0.003490401,81,18,44273,12,99.07,47.7,0.816576485,0.118271378,0.017971207,0.005117887
19500,4,6.99E-05,0.00265252,88.7,23.1,46696,13.1,97.35,51.1,0.790017572,0.15154826,0.001593328,0.012182131
19660,15,4.88E-05,0.002704164,88.4,21.6,42571,11.7,99.26,51.8,0.821977706,0.105636441,0.003397321,0.01795679
19740,101,7.58E-05,0.002751294,89.8,39.8,64206,8.4,99.39,49.8,0.815231395,0.055421077,0.008288854,0.037714529
19780,19,6.33E-05,0.002094125,92.6,35.1,61640,8,98.86,46.3,0.875871152,0.048462863,0.002046582,0.033415659
19820,164,7.42E-05,0.002968809,88.5,28.6,52305,12.8,99.43,53.4,0.701795186,0.225367937,0.002990928,0.035906283
20020,0,0,0,82.6,18,40515,14.9,99.19,50.6,0.728882547,0.233357116,0.003044202,0.00796385
20100,8,9.22E-05,0.003273322,86,22.7,55169,9.7,98.89,51.4,0.678081169,0.242618389,0.006305343,0.020444598
20220,3,6.21E-05,0.002148997,91.9,27.8,53410,7.7,98.52,46.9,0.939505706,0.015793456,0.000788097,0.013523737
20260,3,2.16E-05,0.00096463,93.1,25.1,47574,10.3,98.62,51.6,0.924492844,0.01455551,0.025388183,0.009282085
20500,28,0.000102807,0.004497992,88,44.4,52925,11.4,99.31,54.4,0.618329683,0.268564899,0.004100562,0.043972955
20700,13,0.000152579,0.006809848,89.8,23.2,57748,9.4,99.46,50.4,0.789523708,0.136389018,0.003635456,0.020363308
20740,7,8.58E-05,0.003767492,92.5,26.2,49537,7.8,99.43,50.2,0.93954466,0.009752044,0.003733395,0.024068484
20940,8,9.27E-05,0.002518892,65.2,13.4,41772,20.4,99.63,54.3,0.682532509,0.029402461,0.013992295,0.014817033
21060,11,0.00014538,0.004981884,87.6,19.3,48617,12,98.6,45.5,0.833888826,0.100161016,0.002637211,0.016883452
21140,8,7.92E-05,0.002583979,80.8,17.9,46983,12.6,99.01,47,0.861985327,0.057591308,0.001418234,0.010173195
21300,1,2.25E-05,0.001114827,89.4,22.9,49685,12.7,98.61,51.5,0.886976917,0.056415692,0.004014389,0.015177998
21340,28,6.61E-05,0.002314815,74.7,20.7,40699,20.5,99.34,52.6,0.817288559,0.033870644,0.005965866,0.010681741
21500,20,0.00014067,0.006615944,90.4,25.6,45703,11.9,99,53.5,0.87885354,0.071009381,0.002716576,0.013565034
21660,3,1.66E-05,0.000862317,91.1,28.2,43685,12.2,99.71,54.5,0.886564026,0.009403434,0.010657789,0.024571264
21780,30,0.000186282,0.008086253,89.9,22.9,47425,10.3,98.55,49.1,0.890228107,0.066916574,0.002159834,0.009966502
21820,0,0,0,93.4,30.5,70408,5.9,98.53,49.1,0.772812856,0.045137386,0.063411835,0.026832731
22020,2,1.84E-05,0.000533191,94.6,35.5,53634,7.2,99.2,52.4,0.910683036,0.025447799,0.011947409,0.021242384
22140,6,9.34E-05,0.003271538,82.4,15.2,48824,17,99.07,53.4,0.529585892,0.005739726,0.371951507,0.003690385
22180,15,7.82E-05,0.00245018,88.7,22.3,44692,14.6,97.49,52.4,0.51423125,0.358187447,0.02144446,0.022016597
22220,13,5.35E-05,0.001953712,84.2,27.9,48627,11.4,99.29,45.2,0.840964758,0.0223109,0.013467219,0.027137171
22380,1,1.46E-05,0.000498753,87.8,32.8,48540,16.6,99.7,58.8,0.623390297,0.014791963,0.268773423,0.015609239
22420,16,7.38E-05,0.003034326,89,19.2,41879,16.9,99.39,55.2,0.747447773,0.204127991,0.004987412,0.009597424
22500,16,0.000146235,0.005788712,82.3,19.7,40673,17.3,99.06,54.7,0.556093279,0.412386831,0.002128805,0.0092523
22520,4,5.23E-05,0.002358491,83.9,20.4,41919,14.1,99.08,47.9,0.842331484,0.121816244,0.005405002,0.006335259
22540,3,5.79E-05,0.002542373,90.5,20.9,54529,7.2,97.82,45.1,0.937429333,0.011906518,0.004375227,0.012280133
22660,12,7.67E-05,0.003092784,95.1,44.1,58844,6.9,99.45,49.1,0.908009697,0.00946586,0.005975565,0.018655578
22900,6,4.22E-05,0.001541624,82.5,16.3,38833,17,99.03,47.2,0.80705008,0.037964436,0.048324857,0.025054031
23060,19,8.81E-05,0.003034174,89.5,25.2,49607,11,98.88,49,0.820479161,0.101064145,0.002926339,0.026237533
23420,42,8.83E-05,0.002978935,73.2,19.5,45201,22.2,99.53,55,0.585941419,0.050878754,0.01042321,0.097061266
23460,3,5.58E-05,0.002601908,82.1,15.4,38467,15.3,98.73,49.9,0.815396731,0.153659989,0.003582198,0.00668421
23540,8,5.79E-05,0.003082852,91,38.6,41961,14.1,99.4,62.2,0.711886925,0.193240221,0.002809752,0.052064144
23580,9,9.70E-05,0.002994012,78.5,22.8,51036,14.5,99.37,47.3,0.822035636,0.075443292,0.003561446,0.017148901
23900,7,0.000135838,0.006951341,86.6,21.2,60068,6.8,98.68,44.6,0.923882008,0.015024713,0.001457181,0.006990528
24020,7,0.000109538,0.006381039,89.3,23.5,54112,9.3,98.9,50,0.953335204,0.020257525,0.00162902,0.007576112
24140,2,3.17E-05,0.001215067,82.2,17.2,41172,16.7,98.55,54.1,0.567525968,0.314788102,0.001603636,0.010363195
24220,2,4.11E-05,0.001485884,91.5,28.7,48396,8.4,98.2,53.1,0.905235833,0.021298134,0.021107703,0.01723896
24260,0,0,0,85.8,18.5,50237,10.7,99.04,45.5,0.940522139,0.016961139,0.006221082,0.009085896
24300,2,2.70E-05,0.000817661,89.7,25.2,48610,11.1,99.22,48.2,0.921740368,0.007186002,0.007918161,0.00612844
24340,31,6.07E-05,0.002156972,89.8,29.9,53187,9.5,99.38,47.4,0.855785945,0.06537586,0.004657863,0.022954765
24420,2,4.69E-05,0.002051282,88.7,17.3,37447,13.9,99.47,48.5,0.933619205,0.003179918,0.016285036,0.006046663
24500,2,4.88E-05,0.00173913,91.2,25.5,45091,10.7,97.74,48,0.893292497,0.013385721,0.044903786,0.008309641
24540,7,5.30E-05,0.001462294,86.5,25.9,58100,9.3,99.57,45.4,0.867350018,0.010835037,0.009016622,0.013189168
24580,12,7.70E-05,0.002711252,90.6,25,53053,8.3,99.27,46.4,0.891267548,0.019316053,0.020738528,0.024211041
24660,17,4.44E-05,0.001652732,85.2,27.1,43670,13.6,99.33,52.6,0.656023496,0.2596534,0.00490366,0.031771855
24780,7,7.68E-05,0.003391473,86.9,28.8,42011,14.7,99.43,60,0.585949733,0.340916735,0.003195351,0.016701655
24860,75,0.000173341,0.007148303,84.2,26.1,45428,12.6,99.31,50,0.785802849,0.167077788,0.002434692,0.015713969
25020,0,0,0,71.8,18.2,16010,48.6,99.87,63.1,0.623052429,0.172382781,0.005019324,0.000388906
25060,16,8.35E-05,0.003278689,86.2,20.9,44826,14.8,98.82,52.5,0.730486685,0.208065504,0.002659827,0.02423398
25180,11,8.63E-05,0.003456945,86.2,20,55868,10.1,98.98,49.3,0.857514723,0.090357755,0.001963026,0.012824065
25220,7,0.000109527,0.005166052,80.1,19.3,40721,17.7,99.3,55,0.670960725,0.299391742,0.002980866,0.007146022
25260,9,0.000134014,0.003954306,70.9,12.5,47341,18.7,98.76,53.7,0.706268578,0.065017504,0.013356232,0.036528172
25420,61,0.000215044,0.009256449,89.8,29.2,57461,7.5,98.99,49.7,0.820887538,0.101874435,0.0013834,0.030252867
25500,3,4.49E-05,0.002138275,82.2,27.4,48518,9.2,99.36,54.4,0.907455956,0.038473542,0.002902486,0.01821856
25540,85,0.000136422,0.005837912,89.8,36.3,68959,7.7,98.9,52.5,0.771575572,0.108490329,0.001792358,0.042580436
25620,6,7.89E-05,0.003076923,86.2,28.1,41702,17.1,99.05,54.6,0.677044476,0.28818747,0.001858304,0.010500786
25860,11,5.98E-05,0.003021978,79.6,17.8,40820,13.4,99.14,49.3,0.850624835,0.069512222,0.004019938,0.025317638
25940,12,0.000122753,0.004606526,89.9,34.3,53863,9.5,98.51,46.9,0.696362374,0.222103396,0.00223142,0.010874316
25980,2,4.97E-05,0.001158749,89,18.4,44133,15.5,97.85,45.9,0.507059759,0.376503928,0.004486925,0.016505916
26140,1,1.38E-05,0.00137931,86.8,16.8,38109,11.7,98.83,45.4,0.931244679,0.030685908,0.003670289,0.015782959
26300,2,4.01E-05,0.002364066,86.9,21,39558,15.3,98.71,49.7,0.848673609,0.082889137,0.006311723,0.008656667
26380,18,0.000170123,0.006430868,75,13.9,50138,12.4,99.32,51.1,0.749863898,0.163699487,0.040548801,0.008743947
26420,310,9.94E-05,0.003174603,81.5,30,58689,13,99.53,50,0.655951565,0.172401143,0.004261025,0.069343685
26580,39,0.00020919,0.010064516,85,19,42448,13.8,99.03,49.8,0.950728916,0.022237829,0.001969746,0.005588263
26620,27,0.000123633,0.005153655,88.5,35.4,55881,10,99.37,48.9,0.715071701,0.217102389,0.006438257,0.02208199
26820,21,0.000307607,0.00941704,90.7,25.1,50987,9.9,99.47,41.2,0.912808602,0.004939106,0.004270269,0.005835789
26900,135,0.000136663,0.004906593,88.7,30.8,52434,11,99.12,51,0.77858379,0.146150389,0.002159817,0.023345288
26980,14,0.00017582,0.006714628,94.1,46.9,55030,6.4,99.27,54.7,0.862886559,0.045404138,0.002035184,0.050117196
27060,3,5.73E-05,0.002209131,93.6,50.3,52836,9.2,99.52,62.6,0.815863693,0.044253191,0.002781574,0.098731331
27100,6,7.69E-05,0.002974715,89.7,19,45452,13.4,99.37,52.3,0.875999675,0.084801191,0.004639617,0.006578001
27140,43,0.000143731,0.005507878,86.1,28.9,45366,15.1,98.8,56,0.483923422,0.48575995,0.001620875,0.010806994
27180,5,7.30E-05,0.003021148,84.8,22.3,41346,14.7,99.07,53.8,0.658327766,0.308055562,0.002073207,0.008861041
27260,103,0.000145308,0.006226951,89.4,27.9,52067,11.2,99.13,52.4,0.706986629,0.215633655,0.002692262,0.035103675
27340,2,2.38E-05,0.000483325,90.3,18.4,46141,11.9,97.61,46,0.74570443,0.159664555,0.006182997,0.019516622
27500,4,4.90E-05,0.001853568,88.4,20,49645,11.2,99.14,49.5,0.902813698,0.035147852,0.00191319,0.011030443
27620,9,0.000122251,0.004466501,88.5,25.5,51025,9.3,98.94,49.4,0.881254985,0.073889923,0.004639723,0.008116193
27740,8,7.79E-05,0.003883495,84.1,24.8,39084,14.6,98.59,47.7,0.939521948,0.028071962,0.002786225,0.009277429
27780,15,0.000210273,0.010845987,89,18.9,42304,10.2,98.68,50.7,0.938722619,0.034984201,0.000901764,0.005190471
27860,2,3.15E-05,0.001022495,84.2,21.4,40358,16.9,98.93,51.2,0.838695911,0.124861104,0.00377635,0.009517368
27900,11,0.000122783,0.005321722,85.3,20.3,41562,11.6,99.06,46.6,0.909346023,0.018402883,0.018044274,0.010951793
27980,0,0,0,90.6,25.6,64563,8,99.29,50,0.344779623,0.00590986,0.001630089,0.268033256
28020,12,7.13E-05,0.003162889,91.2,30.5,46392,12.2,99.29,53.7,0.8338362,0.095591017,0.004330603,0.019613302
28100,2,3.48E-05,0.001294498,86.8,17.6,51000,12.1,98.81,52.6,0.796622353,0.147317229,0.002183135,0.010826929
28140,73,7.01E-05,0.002615269,90.8,33.6,57056,9.1,99.17,49.2,0.790951796,0.125439702,0.004488774,0.024578256
28420,13,9.91E-05,0.002985075,83.8,25.2,59476,11.9,99.6,46.8,0.758678126,0.016761642,0.00742044,0.02478232
28660,15,7.14E-05,0.00235331,89.1,20.9,50671,11.1,95.4,47.5,0.674557955,0.194858897,0.007906444,0.025796447
28700,16,0.000100824,0.00539629,83,19.3,39178,13,99.03,45.6,0.953345207,0.018484456,0.002752591,0.005119819
28740,8,8.77E-05,0.00464846,89.1,30.1,58592,6.9,98.88,53.2,0.871452329,0.057164726,0.00125552,0.018353726
28940,25,5.76E-05,0.002788934,86.6,26.7,44906,11.7,99.11,48.3,0.900856959,0.059295913,0.002670551,0.013795097
29020,10,0.000233225,0.010060362,88.7,19.5,42078,12.8,99.09,48.7,0.883204284,0.070494729,0.00279808,0.012482814
29100,3,4.36E-05,0.0018226,93.7,29.4,51160,6.5,98.81,50.8,0.923719232,0.012901891,0.003835098,0.037937175
29180,42,0.000172504,0.005790707,80.5,20.6,47174,14.1,99.11,53.9,0.709757139,0.246825686,0.003396732,0.0147374
29200,18,0.000176929,0.006085193,90.3,32.1,45364,10.9,99.16,56.4,0.873553835,0.038113548,0.000917817,0.059358591
29340,30,0.000290478,0.010634527,85,20.1,44644,12.7,99.21,51.7,0.718322291,0.242829373,0.003610108,0.012055183
29420,1,9.93E-06,0.000557414,83.9,12.2,38456,13.6,99.66,50,0.89309667,0.010830592,0.018925139,0.011680051
29460,20,6.35E-05,0.00252589,83.1,18.6,43063,13.8,99.38,51,0.787887378,0.150538697,0.002833201,0.016926309
29540,35,0.000130002,0.004614979,84.3,24.7,57120,7.3,98.67,44.4,0.888728815,0.039486447,0.00178043,0.020300319
29620,12,5.01E-05,0.002070393,92.2,32.1,50155,10.8,99.44,54.8,0.816127264,0.084115071,0.004026785,0.039415827
29700,3,2.25E-05,0.000627353,64.4,17,38679,27.5,99.64,52.7,0.938729184,0.003865557,0.003672857,0.005854219
29740,10,9.23E-05,0.003212335,78,27.4,38426,21.8,99.59,53.2,0.892360361,0.016614853,0.01205023,0.011237802
29820,61,6.11E-05,0.002245289,84.2,22.2,52070,12,99.51,54.9,0.649281573,0.10705211,0.005851928,0.089919061
29940,5,8.78E-05,0.00381971,94.6,49.4,50732,7.7,99.59,60.1,0.844718257,0.039251383,0.021389057,0.04193381
30020,6,9.42E-05,0.00307377,89,20.2,46283,14.4,97.03,52.7,0.65174805,0.161482201,0.05441413,0.019657977
30140,6,8.67E-05,0.003492433,85.6,19.8,56173,7.9,98.53,46.5,0.885445023,0.018863179,0.001242751,0.010578175
30300,0,0,0,89.8,20.8,44993,8.8,98.78,49.8,0.912384353,0.004268788,0.039068333,0.00960883
30340,3,5.47E-05,0.002218935,88.6,19.9,45765,12.2,99.12,51.5,0.926509724,0.016190565,0.001935424,0.008486089
30460,49,0.000198847,0.00788542,87.9,34.7,49997,11.8,99.18,52.6,0.815137284,0.108593648,0.002824398,0.024663376
30620,10,0.000190927,0.007423905,88.3,17.2,43648,13.8,98.77,52.3,0.833889089,0.118319092,0.002699835,0.00777742
30700,3,1.94E-05,0.000572191,93.4,35.7,52291,9,99.32,51.2,0.883462894,0.037390759,0.005465695,0.037281316
30780,25,6.77E-05,0.002728066,89.2,27.9,49179,10.3,99.11,51.5,0.727380522,0.226325209,0.00355863,0.015333773
30860,8,0.000123964,0.003348681,92.3,33.9,49915,10.5,99.66,41.9,0.913669288,0.00611768,0.005667394,0.020247347
30980,12,0.000111061,0.003723239,82.3,17.1,46615,13.7,98.33,50.6,0.774136547,0.175232761,0.005162725,0.010076311
31020,3,5.82E-05,0.002105263,87.2,15.6,46571,13.1,99.09,48.7,0.909025002,0.005721452,0.012079708,0.014323223
31080,446,6.74E-05,0.002696836,78.5,31.7,60337,13.2,99.5,55.7,0.556792548,0.067609716,0.005073376,0.150683732
31140,85,0.00013242,0.005307856,87.6,26.8,50386,10.9,98.91,52.1,0.808730517,0.138971759,0.001466523,0.017064482
31180,5,3.31E-05,0.001266464,84.6,27.4,45337,13.6,99.11,55.5,0.793176322,0.07139173,0.005429067,0.019730188
31340,5,3.77E-05,0.001549427,85.6,24.4,46913,11,99,50.5,0.782633887,0.17080332,0.002728625,0.014884122
31420,26,0.000215417,0.009587021,82.3,21.1,39609,18.9,98.85,57.6,0.527595751,0.438928073,0.000896722,0.013179224
31460,9,0.000113921,0.003579952,69.5,13.5,45490,18.4,91.04,52.4,0.825374544,0.035302915,0.015001443,0.021875738
31540,9,2.88E-05,0.001148399,94.3,42.5,61227,6.8,99.28,50.3,0.87120709,0.043367807,0.002472726,0.043222732
31700,15,7.38E-05,0.003184713,90.9,35.5,70906,5.9,98.86,47.9,0.908112698,0.02173913,0.00142511,0.03499712
31740,3,6.48E-05,0.001977587,95.4,41.8,48097,7.1,98.35,55.9,0.86145885,0.052460337,0.005381342,0.037256239
31860,1,2.06E-05,0.000759878,93.9,31,54112,7.9,99.28,52.8,0.929129584,0.028542753,0.003236279,0.016713948
31900,3,4.95E-05,0.002051984,86.7,15.9,42042,12.4,98.75,51.2,0.871528258,0.084893293,0.000985238,0.006269695
32420,0,0,0,68.2,21.1,16333,42.1,99.6,65.4,0.507896689,0.038731844,0.001161565,0.001356786
32580,13,3.14E-05,0.000865686,62.2,16.4,34952,30.3,99.71,48.2,0.911862776,0.005882594,0.00346582,0.010334219
32780,1,9.45E-06,0.000493827,88.8,25.1,44086,13,99.61,50.1,0.916198332,0.007144828,0.007972582,0.009991142
32820,56,8.05E-05,0.002297436,86,26.3,47647,15.1,99.3,57.4,0.48018121,0.459582323,0.002151062,0.019491942
32900,9,6.94E-05,0.002205882,68,13,43066,21.4,99.59,53.6,0.645214805,0.034842073,0.007736737,0.075846014
33100,148,4.98E-05,0.002228849,84.1,29.1,48435,13.5,99.5,56.8,0.716145265,0.212816898,0.001992137,0.023696306
33140,8,0.000149195,0.006379585,86.8,17.1,47117,14.4,99.27,50.5,0.845614729,0.10571195,0.002542837,0.005274366
33220,6,0.000141007,0.00589391,92.8,32,52613,9.3,99.28,43.5,0.938710835,0.013094953,0.004472614,0.023044726
33260,7,9.17E-05,0.002875924,82,24.7,66689,8,99.34,47,0.826924473,0.063201811,0.004488953,0.014463669
33340,70,8.71E-05,0.003600082,89.9,32.9,53628,11.5,99.32,53.1,0.745395971,0.165377726,0.004131936,0.031025292
33460,111,6.41E-05,0.002268871,93.1,39,68019,7,99.32,48.5,0.811523698,0.074465967,0.006155713,0.05940342
33540,2,3.62E-05,0.001785714,95,40.2,47029,8.9,99.6,54.4,0.925241643,0.004098693,0.026438821,0.010440407
33660,9,4.17E-05,0.001696193,84.9,21.4,43844,16.2,99.2,54.7,0.602444179,0.349326764,0.006764965,0.019208057
33700,12,4.54E-05,0.001525747,77.2,16.4,49573,16.4,99.45,51.3,0.758669763,0.027651427,0.00813131,0.052756918
33740,15,0.000162455,0.006043513,84,21.3,38406,19.9,99.16,56.3,0.616071228,0.35615037,0.003305079,0.007931065
33780,10,0.000130746,0.004407228,89.7,18.5,54911,8.4,99.32,45.9,0.946410697,0.022949798,0.004017209,0.005694361
33860,13,6.66E-05,0.00248139,85.3,27.2,46977,15.3,98.43,55.8,0.523797721,0.432639083,0.003163435,0.016877873
34060,6,9.26E-05,0.004234298,88.7,31.1,46028,10.8,98.57,58.8,0.917949751,0.034426939,0.001685913,0.024639692
34100,3,5.11E-05,0.00233827,80.8,15.7,39822,15.3,98.89,46.6,0.920463535,0.032330977,0.001086682,0.004616227
34580,2,3.35E-05,0.00126183,88.2,24.5,54917,10,99.34,46.3,0.867696259,0.00642932,0.015705789,0.017387043
34620,8,0.000130837,0.006617039,88,23.3,37900,13.2,98.57,57.9,0.889646716,0.053643957,0.002035064,0.011827215
34740,7,8.10E-05,0.003414634,88.4,17.6,41842,15.5,99.29,52.7,0.808320882,0.136276616,0.005708349,0.006163616
34820,23,0.000113171,0.005214237,87.4,23.6,43681,13.4,99.51,48.4,0.81300497,0.129365678,0.003435246,0.009922082
34900,8,0.000114364,0.004579279,82.8,31.9,70925,7.3,98.78,48,0.772284978,0.021486072,0.004998097,0.074411323
34940,5,2.94E-05,0.001583281,85.7,32.3,56250,9.2,99.62,45.9,0.871460861,0.067467127,0.00245759,0.012577958
34980,75,8.46E-05,0.003212267,87.6,31.3,52805,10.6,99.26,50.1,0.777592798,0.152787465,0.002970792,0.02324048
35100,2,3.15E-05,0.001106195,86.6,20.7,46173,11.8,98.87,46.5,0.706227507,0.219668284,0.004615866,0.017446409
35300,39,8.72E-05,0.004159556,88.9,33.4,61646,9.4,98.91,54.9,0.752167647,0.127156641,0.001960266,0.03716628
35380,114,0.000180363,0.006966512,84.9,27.2,47412,14.5,99.42,57.7,0.583988617,0.34694237,0.004281498,0.028306317
35620,1008,9.81E-05,0.00403974,85.1,37,66902,11.2,99.24,54.2,0.593895508,0.171775095,0.002987559,0.10214223
35660,5,6.26E-05,0.002871913,88.3,24.8,44701,12.6,99.06,49.6,0.780604134,0.150488487,0.003936099,0.018154777
35840,12,3.19E-05,0.001901442,90.2,29.5,49875,8.8,99.15,47,0.878039636,0.066101353,0.002783681,0.015950823
35980,18,0.000131347,0.005769231,90.9,31.5,66693,6.5,97.95,50.8,0.820772719,0.056554688,0.005640874,0.042653181
36100,8,4.60E-05,0.002355713,85.3,17.2,39339,13,97.76,49.2,0.816411816,0.126223598,0.003805587,0.014054383
36140,0,0,0,89.1,29.2,57394,7.9,98.65,45.7,0.908699084,0.045582951,0.004029662,0.011133498
36220,5,6.89E-05,0.00133833,73.4,14.3,54903,12.2,99.33,50.5,0.84546546,0.042964977,0.007079182,0.008176248
36260,33,0.000107967,0.002921905,92.6,29,63393,7.6,99.47,40.4,0.89435837,0.011254294,0.006212969,0.014925446
36420,34,5.17E-05,0.001731425,87.8,28.5,50967,11.5,99.14,50.2,0.741763084,0.101449309,0.036107914,0.030039338
36500,0,0,0,93.6,32.9,62286,8.1,99.04,47.8,0.828269001,0.028685459,0.014067019,0.057444183
36540,19,4.24E-05,0.001415903,90.9,33.4,57357,8.6,99.04,48.6,0.845390828,0.077342954,0.005329755,0.022116848
36740,91,8.00E-05,0.003193094,87.8,28.4,48559,12.1,99.48,54.1,0.718901041,0.162134599,0.002578997,0.040875952
36780,9,0.000107452,0.004105839,91.9,26.1,51949,7.1,99.21,50.9,0.926329915,0.018270561,0.005902157,0.022818904
36980,7,0.000117905,0.005331302,87.3,18.5,45639,12.5,98.3,46.5,0.926033076,0.040036271,0.001589015,0.007055572
37100,45,0.000106759,0.004328172,83,31.6,77335,8.1,99.54,49.4,0.776843465,0.017988969,0.007132174,0.069968533
37340,6,2.14E-05,0.001123385,90.5,26.7,48483,10,99.18,50.6,0.832010363,0.102071267,0.002778329,0.022226635
37460,2,2.13E-05,0.000805477,86.9,21,46742,11,98.56,50.2,0.818338816,0.110987503,0.006039127,0.019378182
37620,6,0.000126035,0.005808325,88.9,18.2,42223,12.5,99.26,47.5,0.963302852,0.010551377,0.001276987,0.005421785
37860,14,6.07E-05,0.002607562,89.1,24.8,49255,10.7,98.03,53.9,0.752408947,0.1628329,0.005409451,0.025755993
37900,29,0.000149312,0.005318173,91.3,26.8,54686,9.1,98.76,47.7,0.856617251,0.091252653,0.00206974,0.020744738
37980,139,4.47E-05,0.001836001,89.1,34.2,62169,9.2,99.12,54.6,0.681378896,0.208950589,0.001980106,0.052882167
38060,142,6.50E-05,0.002398487,86.4,28.8,53310,12.6,99.52,52.1,0.800499223,0.051126421,0.021936848,0.034896492
38220,1,2.09E-05,0.000874891,82.9,15.6,36856,19.3,98.25,58.3,0.494027628,0.478775741,0.002351975,0.006460227
38300,148,0.000121731,0.006092541,92.3,30.9,51883,8.5,99.04,51.2,0.874720673,0.081958442,0.001146349,0.019579929
38340,1,1.48E-05,0.000719942,90.6,31.3,49737,9.5,98.33,54.9,0.919647251,0.028001599,0.002837065,0.013770144
38540,4,9.56E-05,0.003286771,91.6,27.3,43953,10.5,97.96,49.1,0.903913951,0.007446579,0.033359714,0.012638799
38660,0,0,0,70.5,21.6,16593,49.3,99.71,62.8,0.760735561,0.050843545,0.002257938,0.001278413
38860,13,4.87E-05,0.00233142,93.1,36.3,58000,7.5,99.21,48.7,0.942296007,0.017475361,0.002556005,0.01655327
38900,72,6.22E-05,0.002431529,90.7,34.9,58832,9.7,99.51,50.3,0.819630933,0.028411007,0.008314415,0.059767668
38940,10,4.52E-05,0.00226706,86.8,23.4,45752,11.8,99.44,49.5,0.776462829,0.144758628,0.004053998,0.013730093
39140,6,5.50E-05,0.003118503,89.9,24.9,44000,11.2,99.34,46.4,0.919139497,0.005559481,0.019158684,0.008343902
39300,16,1.93E-05,0.000897314,84.3,29.4,56267,9.9,98.77,54.7,0.836031158,0.054197518,0.003664488,0.027480853
39340,30,0.000109512,0.002380008,93.5,36.5,60647,10.1,99.59,41.3,0.916886055,0.00602425,0.005334311,0.013706166
39380,1,1.23E-05,0.000494805,87.8,21.4,41974,14.2,97.95,53.9,0.786192825,0.0209882,0.024571247,0.007358933
39460,1,1.19E-05,0.000981354,89.1,20.9,44265,8.7,98.98,44.5,0.905798922,0.057762441,0.002329131,0.012448591
39540,12,0.000121834,0.005330964,87.9,23.4,55055,9.8,98.82,50.2,0.807500038,0.109593466,0.004660606,0.011936074
39580,70,0.000114926,0.004427577,90.2,42.5,62794,8.9,99.26,48.1,0.695243443,0.201781471,0.003460888,0.047858108
39660,2,2.91E-05,0.001040583,92.2,26.7,51041,7.8,98.34,47.7,0.851503165,0.012859609,0.069915132,0.00978855
39740,20,9.52E-05,0.003839509,84.5,22.7,55798,10.4,98.85,50,0.838480834,0.048627656,0.004241966,0.013677436
39820,8,8.81E-05,0.005218526,88.7,19.1,44556,11.5,99.36,51.8,0.871381358,0.009853238,0.023605198,0.024994398
39900,13,6.03E-05,0.00228833,86.8,27.8,53047,10.5,99.61,52.5,0.816044008,0.023559697,0.015758702,0.051850691
40060,51,8.02E-05,0.003335732,87.4,33.1,59677,8.8,99.12,53.4,0.622394571,0.30097775,0.003520094,0.034418155
40140,111,5.08E-05,0.001760815,79.1,19.8,55362,14.1,99.52,52.7,0.641300568,0.074011762,0.009334976,0.063291439
40220,15,9.33E-05,0.003742515,87.1,26.8,50056,9.8,98.94,48.4,0.822174481,0.13001473,0.001305743,0.017022905
40340,6,5.63E-05,0.002148228,93.4,34.5,64210,5.2,99.21,43.1,0.894254395,0.03698501,0.001433306,0.04045161
40380,15,2.70E-05,0.001201442,89.7,32.4,52717,10.4,98.84,53.7,0.814235094,0.114174683,0.003339251,0.026707544
40420,15,8.50E-05,0.003430139,86.6,21.3,49511,13,98.94,50.8,0.809623993,0.1081406,0.001751288,0.023049958
40580,3,3.79E-05,0.001420455,81.7,15.6,39763,15.6,98.32,56.2,0.490550039,0.448371347,0.005127424,0.005385782
40660,5,0.000100699,0.003646973,77.9,18.6,41046,15.9,98.37,51,0.777796268,0.145455869,0.007093379,0.013188276
40900,88,7.85E-05,0.00320688,88,30.7,59439,11.5,99.54,52.3,0.665584945,0.071894702,0.008414406,0.123789149
40980,3,2.94E-05,0.001252087,87.9,20.1,43566,13.4,99.14,53.9,0.755870468,0.185017726,0.002832188,0.01161197
41060,2,2.11E-05,0.000775194,91.5,24.3,54985,7.8,99.36,49.5,0.921188414,0.033176374,0.004079535,0.017807328
41100,3,4.09E-05,0.001462701,92.2,27.1,49498,10.9,99.34,39.5,0.928412637,0.00470161,0.011129215,0.006931595
41140,5,8.04E-05,0.002765487,87.4,18.9,46145,12,98.66,52.4,0.898932128,0.0495781,0.004160236,0.007294123
41180,134,9.29E-05,0.003749196,90.3,31.5,54959,9.7,98.94,51.1,0.765459369,0.183386787,0.001736403,0.022205089
41420,16,7.98E-05,0.002956393,84.9,23.1,48433,14.2,99.52,49.7,0.820108739,0.008994437,0.012567017,0.019188132
41500,35,0.000169191,0.005922166,71.2,23.1,58582,13.3,98.97,52.5,0.752691639,0.027830663,0.00979227,0.062356593
41540,8,4.09E-05,0.001945525,85.9,23.8,53004,9.9,99.02,52.3,0.761849644,0.179507055,0.003425267,0.015887689
41620,45,8.05E-05,0.002290776,89.3,30.8,61529,9.5,99.54,47.3,0.838874091,0.016004194,0.008210793,0.033916466
41660,3,5.14E-05,0.001870324,83,21.4,45258,12,97.51,52,0.862665231,0.041566066,0.004186135,0.011950461
41700,63,5.54E-05,0.001869048,83.6,26.4,52786,12.8,98.94,51.9,0.79048616,0.064881463,0.006493327,0.022008537
41740,121,7.63E-05,0.002954751,85.8,35.1,63996,10.8,98.98,52.6,0.709831132,0.050364058,0.00670061,0.112466829
41860,184,8.13E-05,0.003419312,87.9,44.9,80008,7.4,99.47,52.3,0.539548494,0.079674653,0.004728574,0.239782762
41900,0,0,0,66.7,20.5,15389,48.2,99.78,63.3,0.883606921,0.029177758,0.001471458,3.70E-05
41940,75,7.93E-05,0.002756644,86.5,46.5,92960,6.8,99.56,46.8,0.503287143,0.025933692,0.005304834,0.322430795
41980,5,4.15E-06,0.000205297,74.3,25.7,22254,37.4,99.6,62.6,0.663914548,0.098876103,0.003718907,0.003686705
42020,17,0.000126641,0.005691329,89.6,32.1,59454,7.5,99.53,51.8,0.846004873,0.021120853,0.007458495,0.037219531
42100,10,7.44E-05,0.00330033,85.5,37.5,66923,8.7,99.51,55.9,0.807745422,0.009202741,0.006025381,0.043734539
42140,8,0.000106613,0.005908419,87.6,39.9,52958,12.1,99.68,53.2,0.833856014,0.007495166,0.030793722,0.011444306
42200,16,7.44E-05,0.003108607,79.3,31.4,63409,10.2,99.49,55,0.740322786,0.019629016,0.010130806,0.050371332
42220,10,3.99E-05,0.001728907,86.8,32.6,63799,7.6,99.32,52.5,0.787010716,0.015230078,0.012442303,0.040283454
42340,26,0.000139964,0.004910293,88.3,30.2,50560,12.6,99.21,56,0.604159918,0.336678102,0.002381209,0.022602108
42540,26,9.04E-05,0.004568617,89.1,22.8,45812,11,98.56,53.5,0.920676307,0.032864476,0.002241204,0.013351249
42660,127,7.12E-05,0.002686012,91.6,38.4,68969,7.7,99.29,49.9,0.725091417,0.055847043,0.009379155,0.119053302
42680,3,4.10E-05,0.002678571,87.2,26.7,44645,9.9,99.39,48.2,0.863409926,0.090371706,0.001986971,0.011744419
42700,3,5.94E-05,0.003488372,81.6,15.9,35911,12.8,99.1,46.9,0.84116791,0.094065804,0.006319903,0.014634494
43100,4,6.99E-05,0.003009782,90.7,22.5,53029,6.8,99.2,44.6,0.905485899,0.014934704,0.002769867,0.048164421
43300,4,6.40E-05,0.00229753,86.7,20.2,47631,11.6,98.89,47,0.859905718,0.057954499,0.012330396,0.009772494
43340,38,0.000164619,0.006157835,85.3,22.3,43779,15.2,98.69,57.5,0.567970268,0.386126363,0.005342406,0.011131696
43420,2,3.12E-05,0.00136612,86.3,23.1,45974,13.1,98.21,49.5,0.797816631,0.039355692,0.012224116,0.017323232
43580,2,2.34E-05,0.000772499,85.8,20.9,49843,10.3,99.02,46.8,0.859190636,0.023657774,0.015033408,0.020743496
43620,9,7.55E-05,0.002365309,91.9,31.1,57356,7.1,99.04,46.5,0.89535196,0.032959286,0.020906947,0.015720077
43780,15,9.16E-05,0.003592814,88.3,25.4,45036,12.8,99.24,52.1,0.812549974,0.116422141,0.004841385,0.017515529
43900,25,0.000153008,0.00575374,82.4,21.1,42588,14.2,99.22,50.5,0.724828659,0.215614227,0.001958638,0.01983555
44060,11,4.09E-05,0.00174216,92.4,27.3,49417,10.5,99.26,49.7,0.892557212,0.017875889,0.017066075,0.021244489
44100,1,9.10E-06,0.000425532,92.5,32.3,55842,10.3,98.95,51.1,0.83892919,0.117607559,0.001588908,0.015983657
44140,17,5.20E-05,0.002476329,86.4,29.7,52546,12,98.95,58,0.809695664,0.071398827,0.002867058,0.028415301
44180,11,4.84E-05,0.001682214,89.4,25.9,42880,12.3,98.97,48.3,0.92952996,0.021932507,0.004946844,0.011690292
44220,4,5.65E-05,0.002424242,86.4,18.2,43011,13.7,98.55,51.4,0.862486617,0.085409641,0.002112117,0.007268596
44300,5,6.68E-05,0.003403676,92.9,40.4,50295,7,99.2,59.2,0.887877624,0.035355863,0.002009729,0.054550691
44420,2,3.27E-05,0.001426534,85.4,22.9,49262,9.5,98.93,46.7,0.888737649,0.070856019,0.002932379,0.007183908
44700,24,6.81E-05,0.00219539,77.6,18.1,53253,15.3,99.49,52.2,0.578358177,0.071859354,0.008607089,0.146165038
44940,2,3.58E-05,0.001228501,81.4,18.9,40662,15.3,98.59,55.3,0.489432373,0.464780761,0.002328775,0.012831456
45060,12,3.53E-05,0.001485516,89.4,29.9,53191,10.6,99.09,54.4,0.850103286,0.081949637,0.006034103,0.026505657
45220,2,1.05E-05,0.000486855,89,36.4,45377,13.3,98.28,60.3,0.611840889,0.329244138,0.003256526,0.024749596
45300,102,6.94E-05,0.003290004,87.9,26.9,46706,11.4,99.14,53.6,0.793536836,0.119558016,0.003865343,0.030554479
45460,20,0.000235905,0.009140768,86.9,18.5,42780,12.9,98.66,53.1,0.909155829,0.048165351,0.002177195,0.012453553
45500,3,4.02E-05,0.001182499,86.2,16.4,41818,15.9,98.5,53,0.705594251,0.241520973,0.007105723,0.006041872
45540,1,1.98E-05,0.00212766,88.7,26.4,49874,6.4,98.48,36.6,0.883769815,0.087457091,0.002593821,0.007839318
45780,52,0.000166324,0.006633499,89.5,25,44775,14.2,98.98,55.3,0.78843946,0.141761395,0.002529371,0.015652537
45820,5,4.18E-05,0.001668335,91.2,26.9,50797,10.5,98.25,47.7,0.848647495,0.062277162,0.01184483,0.009295672
45940,10,5.30E-05,0.002256827,87.3,39.8,74118,8.1,99.1,52.6,0.623707128,0.201918133,0.001805015,0.095792989
46060,23,4.56E-05,0.001897533,87.5,30.1,46233,13.2,99.32,54.6,0.78779613,0.035670557,0.031867483,0.026980982
46140,17,3.50E-05,0.001361634,88.4,25.9,49255,11.3,99.22,48.9,0.725346023,0.080544623,0.069531631,0.018885704
46220,5,4.13E-05,0.001452222,85.7,25,43567,14.7,99.39,57.1,0.639114732,0.332737107,0.001728771,0.012165585
46340,8,7.21E-05,0.002463054,85.2,25.2,46669,11.8,99.26,49.1,0.765683284,0.179276783,0.003418167,0.013565558
46520,1,2.07E-06,6.83E-05,90.7,32.5,73581,6.6,98.39,49.9,0.215075485,0.024771188,0.001790528,0.431706792
46540,11,7.33E-05,0.003145553,87.8,22.7,48094,11.7,98.19,54,0.884659356,0.049038968,0.002071927,0.027521767
46660,11,0.000151378,0.004747518,82.1,20.2,36289,19.4,98.92,56.6,0.596032386,0.342778031,0.001009428,0.013480074
46700,12,5.67E-05,0.002034243,87.5,24.3,67341,10,99.23,52.5,0.537609339,0.141144717,0.005549969,0.149974859
47020,3,6.10E-05,0.002250563,81.7,16.7,50549,13.4,99.04,49.7,0.838078329,0.062162555,0.003519811,0.011493895
47220,1,1.31E-05,0.00049334,76.6,13.8,50603,14.7,99,59.6,0.615509214,0.208360594,0.008111593,0.012774012
47260,43,4.99E-05,0.001807482,90,29.1,59244,9.3,98.08,52.5,0.602161614,0.308878979,0.003185704,0.036684771
47300,27,0.000119879,0.003492433,68,13.3,42863,22.5,99.32,51.2,0.810943277,0.017476968,0.012722009,0.033211559
47380,17,0.000128412,0.005347594,82.2,21.3,41876,15.1,97.84,54.2,0.76923974,0.152102503,0.004283921,0.013341575
47460,1,3.22E-05,0.001697793,88.5,26.1,47309,11.9,99.17,52.5,0.86941597,0.01585652,0.01245532,0.015998236
47580,12,0.000125665,0.00536193,87.4,21.8,51404,14.3,97.59,50.4,0.599175747,0.319373741,0.001456794,0.021906072
47900,116,3.86E-05,0.00139611,90.2,48.3,91756,5.8,99.33,51.5,0.559114968,0.254181555,0.003309055,0.095005157
47940,3,3.48E-05,0.00130719,90.8,26,49897,9.2,98.83,50.8,0.883149422,0.074002997,0.002019771,0.014434553
48060,1,1.74E-05,0.000472144,88.8,20.5,48613,11.1,97.71,46.2,0.865811499,0.051957774,0.004643143,0.014669639
48140,6,8.94E-05,0.003603604,90.8,23,53779,7.9,99.13,43.5,0.916499859,0.006761265,0.002550302,0.053289444
48260,5,7.91E-05,0.003668379,89,16,40973,11.9,99.08,49.6,0.937195311,0.040704026,0.001125006,0.003538063
48300,2,3.55E-05,0.001552795,82.7,21.7,51547,10.3,99.62,45.6,0.843531507,0.003580069,0.010944022,0.008648879
48540,5,6.77E-05,0.004420866,89.8,19.1,41919,10.2,98.56,49.5,0.945044891,0.032000819,0.001556686,0.005557642
48620,8,2.49E-05,0.000889185,89.2,28.5,51059,10.4,99.08,48.3,0.822928965,0.075546892,0.008608777,0.033873871
48660,3,4.08E-05,0.001611171,86,20.5,45892,11.7,97.47,52.3,0.828163649,0.092419412,0.009060727,0.01863732
48700,16,0.000269256,0.011118833,87.7,19.4,45877,10.5,96.13,51,0.921791971,0.047327642,0.00126847,0.0058881
48900,9,6.65E-05,0.003318584,90.1,33.9,48581,11.9,99.29,52.6,0.799248685,0.150217586,0.004249367,0.011891404
49020,3,4.58E-05,0.001722158,83.9,24.5,51872,5.8,99.17,48.7,0.899971011,0.052333654,0.001312156,0.013808151
49180,16,4.76E-05,0.00206425,84.3,25.5,44589,13,99.15,49.7,0.764676836,0.176910554,0.003141757,0.015159441
49340,17,3.63E-05,0.001543911,89.4,32.7,64629,8.4,98.9,51.2,0.862467855,0.041402713,0.002233104,0.039319925
49420,5,4.06E-05,0.001235788,71.5,15.9,43956,17.7,99.32,51.4,0.762392351,0.00790578,0.040251297,0.010515337
49620,33,0.000148886,0.006932773,88.3,22.5,58906,7.5,99.2,45.9,0.886862747,0.05479943,0.0008378,0.013676459
49660,22,7.67E-05,0.003968254,88.8,19.8,42543,12.8,98.63,52.6,0.858399625,0.108177858,0.001521969,0.006674488
49700,14,0.000166979,0.005148952,78.9,16.7,48546,15.1,98.79,48.7,0.692272462,0.0255939,0.014239321,0.11332572
49740,0,0,0,71.7,14,41380,17.5,99.5,44.2,0.768750031,0.020466312,0.012752354,0.012052439
