affgeoid,geoid,name,lsad,aland,awater,cartodb_id
310M200US22380,22380,"Flagstaff, AZ",M1,48222462009,109964003,132
310M200US38860,38860,"Portland-South Portland, ME",M1,5386559509,2013596284,89
310M200US29420,29420,"Lake Havasu City-Kingman, AZ",M1,34475300156,387348987,158
310M200US40900,40900,"Sacramento--Roseville--Arden-Arcade, CA",M1,13194448617,549284977,96
310M200US44860,44860,"Sulphur Springs, TX",M2,1987018485,66250918,104
310M200US47920,47920,"Washington Court House, OH",M2,1052458603,1705305,4
310M200US34380,34380,"Mount Pleasant, MI",M2,1483226507,12959575,68
310M200US42740,42740,"Sedalia, MO",M2,1766949557,10504062,63
310M200US30220,30220,"Levelland, TX",M2,2352723869,446119,64
310M200US12100,12100,"Atlantic City-Hammonton, NJ",M1,1439268066,300756302,65
310M200US36940,36940,"Owatonna, MN",M2,1112775578,6976791,66
310M200US35620,35620,"New York-Newark-Jersey City, NY-NJ-PA",M1,21482019662,6685764276,78
310M200US19980,19980,"Dodge City, KS",M2,2844508241,2097359,135
310M200US45700,45700,"Tifton, GA",M2,670826488,25333971,113
310M200US17060,17060,"Chillicothe, OH",M2,1784987920,9937474,162
310M200US34500,34500,"Mount Vernon, IL",M2,1479284971,32709430,163
310M200US12980,12980,"Battle Creek, MI",M1,1829142362,31383213,194
310M200US37020,37020,"Owosso, MI",M2,1374709532,26337568,253
310M200US21300,21300,"Elmira, NY",M1,1055038519,8874383,280
310M200US24340,24340,"Grand Rapids-Wyoming, MI",M1,6914613723,2930504867,330
310M200US28740,28740,"Kingston, NY",M1,2911755342,94599648,335
310M200US33620,33620,"Moberly, MO",M2,1250217868,13254156,373
310M200US11860,11860,"Atchison, KS",M2,1116729682,6857575,365
310M200US48980,48980,"Wilson, NC",M2,953483827,14476512,413
310M200US13300,13300,"Beeville, TX",M2,2279809443,246409,613
310M200US34540,34540,"Mount Vernon, OH",M2,1361054213,10718613,439
310M200US15100,15100,"Brookings, SD",M2,2051807032,32967600,629
310M200US45780,45780,"Toledo, OH",M1,3531459906,673620446,831
310M200US19700,19700,"Deming, NM",M2,7679795371,431978,627
310M200US45860,45860,"Torrington, CT",M2,2384267172,62137425,636
310M200US25100,25100,"Guymon, OK",M2,5286918161,19215619,646
310M200US45140,45140,"Tahlequah, OK",M2,1940958390,69624055,680
310M200US27540,27540,"Jasper, IN",M2,1972301820,38637466,832
310M200US20060,20060,"Douglas, GA",M2,1490017303,70839527,687
310M200US23580,23580,"Gainesville, GA",M1,1017306334,94561915,727
310M200US14100,14100,"Bloomsburg-Berwick, PA",M1,1588574437,23666679,728
310M200US43140,43140,"Shelby, NC",M2,1202562915,10201818,744
310M200US14660,14660,"Brainerd, MN",M2,7822137152,1425641615,747
310M200US30580,30580,"Liberal, KS",M2,1655865945,2777350,787
310M200US29020,29020,"Kokomo, IN",M1,758858966,2394188,772
310M200US29620,29620,"Lansing-East Lansing, MI",M1,4397041657,44017344,858
310M200US42980,42980,"Seymour, IN",M2,1319114198,11915575,862
310M200US15740,15740,"Cambridge, OH",M2,1352631005,15666037,918
310M200US26980,26980,"Iowa City, IA",M1,3063677693,28948927,35
310M200US47540,47540,"Wapakoneta, OH",M2,1039599291,1345175,402
310M200US12460,12460,"Bainbridge, GA",M2,1546584786,67412745,866
310M200US16340,16340,"Cedartown, GA",M2,803773281,4667495,219
310M200US10940,10940,"Alma, MI",M2,1472310523,8154053,39
310M200US14340,14340,"Boone, IA",M2,1480356898,5364811,47
310M200US28260,28260,"Kearney, NE",M2,3844462666,19147860,103
310M200US11420,11420,"Angola, IN",M2,799639437,35543662,80
310M200US28500,28500,"Kerrville, TX",M2,2857583514,10247290,81
310M200US18660,18660,"Cortland, NY",M2,1291814118,7112764,133
310M200US25700,25700,"Hays, KS",M2,2330762267,1197085,90
310M200US22780,22780,"Fort Leonard Wood, MO",M2,1416982902,11343747,150
310M200US37940,37940,"Peru, IN",M2,968246655,9184648,205
310M200US32980,32980,"Merrill, WI",M2,2276595100,72516255,190
310M200US35420,35420,"New Philadelphia-Dover, OH",M2,1470170108,9880623,290
310M200US19100,19100,"Dallas-Fort Worth-Arlington, TX",M1,24034032095,923222992,225
310M200US26300,26300,"Hot Springs, AR",M1,1755499327,147165438,235
310M200US39820,39820,"Redding, CA",M1,9778188422,186530228,242
310M200US41780,41780,"Sandusky, OH",M2,651627581,969641285,386
310M200US25220,25220,"Hammond, LA",M1,2049488335,136690773,307
310M200US16740,16740,"Charlotte-Concord-Gastonia, NC-SC",M1,13122653412,291024122,261
310M200US48580,48580,"Whitewater-Elkhorn, WI",M2,1438031617,55247150,320
310M200US40820,40820,"Ruston, LA",M2,1221806077,1897710,326
310M200US45020,45020,"Sweetwater, TX",M2,2362061403,5052652,8
310M200US18880,18880,"Crestview-Fort Walton Beach-Destin, FL",M1,5096880988,916224205,310
310M200US39260,39260,"Prineville, OR",M2,7715899859,21091937,311
310M200US45580,45580,"Thomaston, GA",M2,837697122,10663317,322
310M200US44780,44780,"Sturgis, MI",M2,1296531678,52934828,324
310M200US18780,18780,"Craig, CO",M2,12284908252,19806933,325
310M200US23660,23660,"Galesburg, IL",M2,1855506498,8834347,274
310M200US25880,25880,"Hillsdale, MI",M2,1549200384,22938645,408
310M200US10300,10300,"Adrian, MI",M2,1941339750,30699164,461
310M200US48540,48540,"Wheeling, WV-OH",M1,2443343848,49394304,516
310M200US37540,37540,"Paris, TN",M2,1455159562,81742886,660
310M200US38840,38840,"Port Clinton, OH",M2,660275573,855031761,530
310M200US15020,15020,"Brookhaven, MS",M2,1518059596,5305564,917
310M200US46020,46020,"Truckee-Grass Valley, CA",M2,2480636840,41514869,156
310M200US35380,35380,"New Orleans-Metairie, LA",M1,8292741759,12102014453,114
310M200US21980,21980,"Fallon, NV",M2,12770262136,242405724,476
310M200US32100,32100,"Marquette, MI",M2,4683959012,4185358857,477
310M200US32860,32860,"Menomonie, WI",M2,2201761906,35638621,749
310M200US33220,33220,"Midland, MI",M1,1337099894,30589736,771
310M200US31300,31300,"Lumberton, NC",M2,2457924442,5110082,495
310M200US32780,32780,"Medford, OR",M1,7209363743,46869794,501
310M200US30980,30980,"Longview, TX",M1,4610936690,68572646,519
310M200US42900,42900,"Seneca Falls, NY",M2,838399641,172832706,811
310M200US42200,42200,"Santa Maria-Santa Barbara, CA",M1,7083926264,2729818040,214
310M200US27620,27620,"Jefferson City, MO",M1,5821454772,80103971,531
310M200US44220,44220,"Springfield, OH",M1,1029469489,13070242,550
310M200US11220,11220,"Amsterdam, NY",M2,1044067645,18598488,591
310M200US37420,37420,"Pampa, TX",M2,2398261555,8700793,659
310M200US35700,35700,"Nogales, AZ",M2,3203592833,3088043,645
310M200US13100,13100,"Beatrice, NE",M2,2205274175,22014428,671
310M200US11900,11900,"Athens, OH",M2,1304308760,12538362,696
310M200US43100,43100,"Sheboygan, WI",M1,1324171516,1968280170,741
310M200US18300,18300,"Coos Bay, OR",M2,4134073500,544389275,821
310M200US24060,24060,"Glenwood Springs, CO",M2,10148500300,27903284,818
310M200US35740,35740,"Norfolk, NE",M2,4076485373,18404404,823
310M200US10100,10100,"Aberdeen, SD",M2,7352940653,111452770,824
310M200US33060,33060,"Miami, OK",M2,1219467309,35708989,916
310M200US39700,39700,"Raymondville, TX",M2,1529529770,501714610,825
310M200US34700,34700,"Muscatine, IA",M2,1133042092,30197314,865
310M200US22100,22100,"Farmington, MO",M2,1170281586,7316532,870
310M200US27600,27600,"Jefferson, GA",M2,879716467,8906623,871
310M200US32000,32000,"Marion, NC",M2,1141169581,13956750,912
310M200US34620,34620,"Muncie, IN",M1,1015596084,9803978,149
310M200US22620,22620,"Forrest City, AR",M2,1644111286,20050005,177
310M200US20300,20300,"Dumas, TX",M2,2330188757,25718180,199
310M200US18820,18820,"Crawfordsville, IN",M2,1306949763,2148469,236
310M200US11580,11580,"Arcadia, FL",M2,1649970100,6247258,237
310M200US49780,49780,"Zanesville, OH",M2,1721322173,20660209,238
310M200US11620,11620,"Ardmore, OK",M2,2129425400,30015492,239
310M200US36780,36780,"Oshkosh-Neenah, WI",M1,1125316313,373176297,288
310M200US14460,14460,"Boston-Cambridge-Newton, MA-NH",M1,9032959609,2654267921,292
310M200US26540,26540,"Huntington, IN",M2,991056674,13133729,293
310M200US32380,32380,"Mason City, IA",M2,2508196664,22377392,317
310M200US22060,22060,"Faribault-Northfield, MN",M2,1284173652,52094530,384
310M200US36220,36220,"Odessa, TX",M1,2324964731,10597931,396
310M200US11540,11540,"Appleton, WI",M1,2475441097,222466442,412
310M200US26740,26740,"Hutchinson, KS",M2,3251332269,43417474,456
310M200US13260,13260,"Bedford, IN",M2,1163341587,7149012,458
310M200US31180,31180,"Lubbock, TX",M1,6961021546,21253850,499
310M200US23240,23240,"Fredericksburg, TX",M2,2740756206,8982781,611
310M200US11780,11780,"Ashtabula, OH",M2,1818002613,1724831775,578
310M200US27160,27160,"Jackson, OH",M2,1088581998,3184785,579
310M200US48940,48940,"Wilmington, OH",M2,1058488036,9350863,688
310M200US40660,40660,"Rome, GA",M1,1320694720,22123870,5
310M200US21740,21740,"Evanston, WY",M2,5390459390,16340675,6
310M200US46620,46620,"Uvalde, TX",M2,4019520918,17321957,703
310M200US47660,47660,"Warrensburg, MO",M2,2147833526,10122990,7
310M200US21380,21380,"Emporia, KS",M2,2194958198,20561731,9
310M200US43940,43940,"Spearfish, SD",M2,2072089203,713642,17
310M200US38500,38500,"Plymouth, IN",M2,1148994017,15834723,724
310M200US33500,33500,"Minot, ND",M2,12339227540,248796584,18
310M200US33940,33940,"Montrose, CO",M2,5803364387,4923261,19
310M200US27420,27420,"Jamestown, ND",M2,5754255171,197312589,784
310M200US40540,40540,"Rock Springs, WY",M2,27004874067,166887507,25
310M200US16100,16100,"Carlsbad-Artesia, NM",M2,10815082124,56440121,33
310M200US26940,26940,"Indianola, MS",M2,1807175449,23758961,273
310M200US15940,15940,"Canton-Massillon, OH",M1,2512120841,24803454,34
310M200US43420,43420,"Sierra Vista-Douglas, AZ",M1,15968981851,137024899,218
310M200US26780,26780,"Hutchinson, MN",M2,1272904064,36406706,220
310M200US23980,23980,"Glasgow, KY",M2,2012906663,36263620,60
310M200US36830,36830,"Othello, WA",M2,4985669129,12622881,289
310M200US11100,11100,"Amarillo, TX",M1,13337908844,88038725,1
310M200US29860,29860,"Laurel, MS",M2,3551002947,15858408,2
310M200US18500,18500,"Corning, NY",M2,3601565161,34993618,3
310M200US15660,15660,"Calhoun, GA",M2,921538871,5787657,98
310M200US32940,32940,"Meridian, MS",M2,5597984957,37044251,263
310M200US44500,44500,"Stephenville, TX",M2,2805141498,17445007,264
310M200US31900,31900,"Mansfield, OH",M1,1282720857,12470874,265
310M200US19140,19140,"Dalton, GA",M1,1644571222,7253719,272
310M200US45500,45500,"Texarkana, TX-AR",M1,5290957373,213758330,10
310M200US21840,21840,"Fairfield, IA",M2,1127964783,3538407,11
310M200US46300,46300,"Twin Falls, ID",M2,6522650092,31249886,12
310M200US24700,24700,"Greensburg, IN",M2,964946208,1955479,13
310M200US25620,25620,"Hattiesburg, MS",M1,4170681152,27348064,14
310M200US42180,42180,"Santa Isabel, PR",M2,88144282,111140647,15
310M200US48820,48820,"Willmar, MN",M2,2064994144,168491033,16
310M200US26700,26700,"Huron, SD",M2,3260033232,15817632,36
310M200US35900,35900,"North Wilkesboro, NC",M2,1953561347,6851512,22
310M200US12780,12780,"Bartlesville, OK",M2,1076019805,22829385,23
310M200US11380,11380,"Andrews, TX",M2,3886769982,957039,24
310M200US31380,31380,"Macomb, IL",M2,1526558229,2012556,37
310M200US14620,14620,"Bradford, PA",M2,2536106062,13010690,45
310M200US34300,34300,"Mountain Home, ID",M2,7963532338,67386949,20
310M200US46780,46780,"Van Wert, OH",M2,1059698928,3281852,21
310M200US28100,28100,"Kankakee, IL",M1,1752310564,12413708,31
310M200US32460,32460,"Mayfield, KY",M2,1429026325,13047294,32
310M200US24860,24860,"Greenville-Anderson-Mauldin, SC",M1,7020955419,200354782,26
310M200US22540,22540,"Fond du Lac, WI",M1,1863648099,119868027,27
310M200US18380,18380,"Cordele, GA",M2,705989189,21671085,28
310M200US44740,44740,"Storm Lake, IA",M2,1488989048,13791665,29
310M200US14020,14020,"Bloomington, IN",M1,2019706479,50072948,30
310M200US21340,21340,"El Paso, TX",M1,14461548903,7729908,38
310M200US12380,12380,"Austin, MN",M2,1842332400,617227,40
310M200US48140,48140,"Wausau, WI",M1,4001546323,81139027,41
310M200US15620,15620,"Cadillac, MI",M2,2925986999,50674227,42
310M200US10180,10180,"Abilene, TX",M1,7105577127,36847302,43
310M200US40300,40300,"Rochelle, IL",M2,1964706943,11425020,44
310M200US19540,19540,"Decatur, IN",M2,878078763,2430677,208
310M200US42380,42380,"Sayre, PA",M2,2971750797,35275640,243
310M200US35500,35500,"Newton, IA",M2,1891779130,6565706,48
310M200US33020,33020,"Mexico, MO",M2,1792880294,11880952,49
310M200US18220,18220,"Connersville, IN",M2,556901540,366406,67
310M200US36340,36340,"Oil City, PA",M2,1746387335,22148565,69
310M200US25780,25780,"Henderson, NC",M2,656633442,42196855,70
310M200US21460,21460,"Enterprise, AL",M2,1758565665,3907876,71
310M200US40620,40620,"Rolla, MO",M2,1739898840,6587846,173
310M200US15500,15500,"Burlington, NC",M1,1098037924,27934223,200
310M200US32140,32140,"Marshall, MN",M2,1850698956,18410943,247
310M200US20020,20020,"Dothan, AL",M1,4444378383,33488077,46
310M200US27300,27300,"Jacksonville, IL",M2,2123055887,13877698,244
310M200US42340,42340,"Savannah, GA",M1,3476938789,588431769,50
310M200US16460,16460,"Centralia, IL",M2,1482442368,9487928,51
310M200US23380,23380,"Fremont, OH",M2,1057901437,23963729,52
310M200US33420,33420,"Mineral Wells, TX",M2,2465126929,87327892,53
310M200US30700,30700,"Lincoln, NE",M1,3649226777,34428845,74
310M200US47620,47620,"Warren, PA",M2,2289914229,37352294,54
310M200US43980,43980,"Spencer, IA",M2,1469139488,13866649,55
310M200US23900,23900,"Gettysburg, PA",M1,1343340009,8084245,56
310M200US24980,24980,"Grenada, MS",M2,1093252416,70698222,57
310M200US30660,30660,"Lincoln, IL",M2,1600758839,2252736,58
310M200US14420,14420,"Borger, TX",M2,2298404018,19511582,59
310M200US10820,10820,"Alexandria, MN",M2,1650537213,214266335,207
310M200US32340,32340,"Maryville, MO",M2,2271326366,2361587,185
310M200US19380,19380,"Dayton, OH",M1,3320017100,21705336,245
310M200US37660,37660,"Parsons, KS",M2,1671305796,20261091,116
310M200US15060,15060,"Brookings, OR",M2,4215135002,934685384,61
310M200US35940,35940,"Norwalk, OH",M2,1272965315,8615936,62
310M200US30340,30340,"Lewiston-Auburn, ME",M1,1211937506,75599612,85
310M200US42020,42020,"San Luis Obispo-Paso Robles-Arroyo Grande, CA",M1,8543653416,820437991,72
310M200US16380,16380,"Celina, OH",M2,1197738377,28425890,73
310M200US12260,12260,"Augusta-Richmond County, GA-SC",M1,9014947342,262801704,75
310M200US11640,11640,"Arecibo, PR",M1,613215958,231819147,82
310M200US10420,10420,"Akron, OH",M1,2331622010,62015959,83
310M200US47340,47340,"Wabash, IN",M2,1068206255,22115988,84
310M200US47260,47260,"Virginia Beach-Norfolk-Newport News, VA-NC",M1,6970679398,3215766557,76
310M200US39380,39380,"Pueblo, CO",M1,6179976137,30284165,102
310M200US26580,26580,"Huntington-Ashland, WV-KY-OH",M1,6546096954,91685240,77
310M200US18420,18420,"Corinth, MS",M2,1036100625,3417857,99
310M200US27580,27580,"Jayuya, PR",M2,115340554,3091,100
310M200US43320,43320,"Show Low, AZ",M2,25771504246,24078098,101
310M200US47900,47900,"Washington-Arlington-Alexandria, DC-VA-MD-WV",M1,16172891051,1127986426,79
310M200US10260,10260,"Adjuntas, PR",M2,172725662,1051791,246
310M200US14260,14260,"Boise City, ID",M1,30472832535,175503327,86
310M200US17820,17820,"Colorado Springs, CO",M1,6951234979,12056120,206
310M200US30780,30780,"Little Rock-North Little Rock-Conway, AR",M1,10581573655,292561487,87
310M200US29940,29940,"Lawrence, KS",M1,1180717261,48585515,127
310M200US27780,27780,"Johnstown, PA",M1,1782822988,13677426,128
310M200US21140,21140,"Elkhart-Goshen, IN",M1,1199614716,12423365,129
310M200US35820,35820,"North Platte, NE",M2,10343634610,32514487,130
310M200US20740,20740,"Eau Claire, WI",M1,4264034011,104054442,131
310M200US29780,29780,"Las Vegas, NM",M2,12213734853,51380194,275
310M200US24140,24140,"Goldsboro, NC",M1,1432255502,9870202,186
310M200US25820,25820,"Hereford, TX",M2,3876867200,3926564,628
310M200US25020,25020,"Guayama, PR",M1,328148435,235862213,140
310M200US40060,40060,"Richmond, VA",M1,11852387536,327753878,88
310M200US13940,13940,"Blackfoot, ID",M2,5423131974,68447685,134
310M200US44260,44260,"Starkville, MS",M2,1186744060,9654987,136
310M200US48220,48220,"Weatherford, OK",M2,2561032884,34321688,141
310M200US25740,25740,"Helena, MT",M2,13248580858,107181249,91
310M200US19780,19780,"Des Moines-West Des Moines, IA",M1,7468765770,72801839,92
310M200US36860,36860,"Ottawa-Peru, IL",M2,5605555566,76514727,93
310M200US32020,32020,"Marion, OH",M2,1045726876,908577,142
310M200US28340,28340,"Kendallville, IN",M2,1064079589,17066448,187
310M200US43380,43380,"Sidney, OH",M2,1055875200,7809835,209
310M200US11700,11700,"Asheville, NC",M1,5265310720,21826146,94
310M200US47380,47380,"Waco, TX",M1,4668694665,81529831,95
310M200US28020,28020,"Kalamazoo-Portage, MI",M1,3030253791,1295530345,97
310M200US10860,10860,"Alice, TX",M2,2240251095,8739520,210
310M200US21420,21420,"Enid, OK",M2,2741478922,4075930,211
310M200US16940,16940,"Cheyenne, WY",M1,6956499720,4269804,147
310M200US22300,22300,"Findlay, OH",M2,1376210269,5959835,212
310M200US12140,12140,"Auburn, IN",M2,939710807,2657428,161
310M200US12740,12740,"Barre, VT",M2,1779934817,21189503,167
310M200US22700,22700,"Fort Dodge, IA",M2,1853443681,7277624,213
310M200US30060,30060,"Lebanon, MO",M2,1980626600,8516559,121
310M200US41860,41860,"San Francisco-Oakland-Hayward, CA",M1,6416945490,2456709618,105
310M200US26460,26460,"Hudson, NY",M2,1643935346,35065006,160
310M200US11180,11180,"Ames, IA",M1,1483235358,2509640,139
310M200US27260,27260,"Jacksonville, FL",M1,8292660296,1286217770,106
310M200US36840,36840,"Ottawa, KS",M2,1480840688,13935639,107
310M200US15340,15340,"Bucyrus, OH",M2,1040619673,2359515,108
310M200US47700,47700,"Warsaw, IN",M2,1376280527,59590716,155
310M200US40980,40980,"Saginaw, MI",M1,2073181545,40159813,157
310M200US43660,43660,"Snyder, TX",M2,2345088411,5439884,159
310M200US41420,41420,"Salem, OR",M1,4977786165,34506590,109
310M200US19940,19940,"Dixon, IL",M2,1877371538,10599304,110
310M200US19860,19860,"Dickinson, ND",M2,3456989915,14119891,111
310M200US46500,46500,"Urbana, OH",M2,1110247658,3015669,112
310M200US23780,23780,"Garden City, KS",M2,5626783804,2959134,642
310M200US41500,41500,"Salinas, CA",M1,8496777451,1270701096,115
310M200US46980,46980,"Vicksburg, MS",M2,2786647917,113512580,117
310M200US49260,49260,"Woodward, OK",M2,3217817678,9693400,164
310M200US48100,48100,"Wauchula, FL",M2,1651878530,1439671,165
310M200US44900,44900,"Summerville, GA",M2,811512405,570807,166
310M200US10540,10540,"Albany, OR",M1,5932815100,49638238,118
310M200US17620,17620,"Coamo, PR",M2,202052263,38061,119
310M200US27920,27920,"Junction City, KS",M2,996159057,51452635,120
310M200US33580,33580,"Mitchell, SD",M2,2253329036,5924177,268
310M200US18980,18980,"Cullman, AL",M2,1903376431,52118768,168
310M200US39300,39300,"Providence-Warwick, RI-MA",M1,4110353863,1681145152,122
310M200US38240,38240,"Pinehurst-Southern Pines, NC",M2,1807444467,20705483,123
310M200US24820,24820,"Greenville, OH",M2,1549120990,4245781,124
310M200US18100,18100,"Columbus, NE",M2,1745758246,27319776,125
310M200US36820,36820,"Oskaloosa, IA",M2,1478528149,6564786,126
310M200US46180,46180,"Tupelo, MS",M2,3834425284,36689773,170
310M200US31980,31980,"Marion, IN",M2,1072452756,2133490,171
310M200US47980,47980,"Watertown, SD",M2,1782118019,75327852,172
310M200US38260,38260,"Pittsburg, KS",M2,1527463568,13609374,154
310M200US41940,41940,"San Jose-Sunnyvale-Santa Clara, CA",M1,6938469229,40399480,137
310M200US22260,22260,"Fergus Falls, MN",M2,5107551067,653978885,138
310M200US44920,44920,"Summit Park, UT",M2,4847461965,26784448,143
310M200US22420,22420,"Flint, MI",M1,1649729316,32693269,144
310M200US13700,13700,"Big Spring, TX",M2,4664591317,11087003,169
310M200US41660,41660,"San Angelo, TX",M1,6665406534,48281267,146
310M200US48300,48300,"Wenatchee, WA",M1,12276093180,266101526,145
310M200US33260,33260,"Midland, TX",M1,4701673518,6452599,276
310M200US23420,23420,"Fresno, CA",M1,15433281557,135402342,148
310M200US39780,39780,"Red Bluff, CA",M2,7639716084,32276053,151
310M200US26960,26960,"Ionia, MI",M2,1479671914,22641067,152
310M200US48020,48020,"Watertown-Fort Atkinson, WI",M2,1441259888,68019805,153
310M200US30140,30140,"Lebanon, PA",M1,937142342,1724014,192
310M200US31620,31620,"Magnolia, AR",M2,1984077019,1803419,249
310M200US24420,24420,"Grants Pass, OR",M1,4246697263,5623881,174
310M200US43740,43740,"Somerset, PA",M2,2782597410,17002635,175
310M200US36100,36100,"Ocala, FL",M1,4112980497,193292593,188
310M200US48460,48460,"West Plains, MO",M2,2401562527,2913502,189
310M200US24460,24460,"Great Bend, KS",M2,2319076873,13555388,250
310M200US44180,44180,"Springfield, MO",M1,7787628880,35980421,215
310M200US32280,32280,"Martin, TN",M2,1503105581,3709360,196
310M200US18740,18740,"Coshocton, OH",M2,1460529055,9244955,197
310M200US42680,42680,"Sebastian-Vero Beach, FL",M1,1302371286,295576120,198
310M200US37740,37740,"Payson, AZ",M2,12323010025,97111871,176
310M200US13660,13660,"Big Rapids, MI",M2,1437626862,41759525,178
310M200US32260,32260,"Marshalltown, IA",M2,1482770586,1803080,179
310M200US43020,43020,"Shawano, WI",M2,3239211923,61547964,180
310M200US20340,20340,"Duncan, OK",M2,2253926810,54694872,191
310M200US27980,27980,"Kahului-Wailuku-Lahaina, HI",M1,3039407275,3309072595,181
310M200US34260,34260,"Mountain Home, AR",M2,1435587413,84022300,193
310M200US37120,37120,"Ozark, AL",M2,1453371192,4016457,195
310M200US11460,11460,"Ann Arbor, MI",M1,1828433769,42623492,270
310M200US45520,45520,"The Dalles, OR",M2,6168174849,35950032,182
310M200US19580,19580,"Defiance, OH",M2,1065671182,7073971,183
310M200US22820,22820,"Fort Morgan, CO",M2,3316439978,34663099,297
310M200US30380,30380,"Lewistown, PA",M2,1064565504,9544804,184
310M200US30900,30900,"Logansport, IN",M2,1067475956,6974424,216
310M200US28940,28940,"Knoxville, TN",M1,9066318158,386471542,201
310M200US41700,41700,"San Antonio-New Braunfels, TX",M1,18939839605,150588190,202
310M200US26900,26900,"Indianapolis-Carmel-Anderson, IN",M1,11153650409,88716367,203
310M200US17740,17740,"Coldwater, MI",M2,1311514043,34439996,204
310M200US16300,16300,"Cedar Rapids, IA",M1,5202717770,29052743,217
310M200US24900,24900,"Greenwood, MS",M2,3163934324,50147201,232
310M200US18020,18020,"Columbus, IN",M1,1053849447,6815270,233
310M200US13340,13340,"Bellefontaine, OH",M2,1187336852,21598326,234
310M200US32820,32820,"Memphis, TN-MS-AR",M1,12910305703,319453957,226
310M200US34780,34780,"Muskogee, OK",M2,2099052976,75966902,230
310M200US16580,16580,"Champaign-Urbana, IL",M1,4975544564,7842630,224
310M200US12580,12580,"Baltimore-Columbia-Towson, MD",M1,6738539463,1303423420,221
310M200US17500,17500,"Clewiston, FL",M2,2985695667,96439604,222
310M200US20820,20820,"Effingham, IL",M2,1240027871,3183199,227
310M200US34140,34140,"Moscow, ID",M2,2786855183,2370278,433
310M200US42700,42700,"Sebring, FL",M1,2632923653,231677881,228
310M200US32700,32700,"McPherson, KS",M2,2326520347,6030184,229
310M200US37980,37980,"Philadelphia-Camden-Wilmington, PA-NJ-DE-MD",M1,11919736168,693742944,223
310M200US37900,37900,"Peoria, IL",M1,6399733193,121934943,240
310M200US49300,49300,"Wooster, OH",M2,1437257215,4885101,241
310M200US28060,28060,"Kalispell, MT",M2,13177015834,437091133,254
310M200US26420,26420,"Houston-The Woodlands-Sugar Land, TX",M1,21392758607,3066653342,231
310M200US43760,43760,"Sonora, CA",M2,5752116634,138684399,248
310M200US42540,42540,"Scranton--Wilkes-Barre--Hazleton, PA",M1,4524119959,76248561,255
310M200US16500,16500,"Centralia, WA",M2,6223223927,86636896,262
310M200US31220,31220,"Ludington, MI",M2,1282238639,1935670578,252
310M200US11020,11020,"Altoona, PA",M1,1361815261,3285515,271
310M200US23060,23060,"Fort Wayne, IN",M1,3524896573,18684431,282
310M200US40140,40140,"Riverside-San Bernardino-Ontario, CA",M1,70612013193,374885513,251
310M200US19300,19300,"Daphne-Fairhope-Foley, AL",M1,4117629064,1133084680,256
310M200US29500,29500,"Lamesa, TX",M2,2331781566,4720705,257
310M200US30420,30420,"Lexington, NE",M2,3810563631,28203452,258
310M200US20380,20380,"Dunn, NC",M2,1540982100,16387537,595
310M200US37860,37860,"Pensacola-Ferry Pass-Brent, FL",M1,4321099273,984444310,259
310M200US18180,18180,"Concord, NH",M2,2419397070,57788894,285
310M200US40420,40420,"Rockford, IL",M1,2056738223,18555985,286
310M200US30460,30460,"Lexington-Fayette, KY",M1,3803508628,40727048,260
310M200US49380,49380,"Worthington, MN",M2,1852101770,19298727,283
310M200US10700,10700,"Albertville, AL",M2,1465522829,148503239,284
310M200US31500,31500,"Madison, IN",M2,934033622,5844624,379
310M200US13620,13620,"Berlin, NH-VT",M2,6366934504,121059586,266
310M200US44620,44620,"Stevens Point, WI",M2,2073848481,56925265,267
310M200US17980,17980,"Columbus, GA-AL",M1,5014778499,61081481,295
310M200US19500,19500,"Decatur, IL",M1,1503973612,13409460,296
310M200US45980,45980,"Troy, AL",M2,1740741440,2336918,277
310M200US38700,38700,"Pontiac, IL",M2,2704687133,4252877,278
310M200US13180,13180,"Beaver Dam, WI",M2,2267856727,81402752,279
310M200US13740,13740,"Billings, MT",M1,15170646455,77995893,287
310M200US42660,42660,"Seattle-Tacoma-Bellevue, WA",M1,15208915217,1132731022,269
310M200US28540,28540,"Ketchikan, AK",M2,12583288018,4649397262,281
310M200US18620,18620,"Corsicana, TX",M2,2614935867,197626022,291
310M200US32420,32420,"Mayagüez, PR",M1,230461668,508776090,294
310M200US42460,42460,"Scottsboro, AL",M2,2791664974,126657151,376
310M200US37080,37080,"Oxford, NC",M2,1374998246,14526331,298
310M200US38380,38380,"Plainview, TX",M2,2602115660,246678,299
310M200US30620,30620,"Lima, OH",M1,1042470091,11266166,300
310M200US12660,12660,"Baraboo, WI",M2,2152024914,45882328,301
310M200US10220,10220,"Ada, OK",M2,1865888500,12404221,377
310M200US31060,31060,"Los Alamos, NM",M2,282741272,229939,378
310M200US17460,17460,"Cleveland-Elyria, OH",M1,5174448881,5132097166,303
310M200US38300,38300,"Pittsburgh, PA",M1,13678950959,157932094,302
310M200US10980,10980,"Alpena, MI",M2,1481125304,2908714558,309
310M200US10460,10460,"Alamogordo, NM",M2,17128141975,37012198,304
310M200US41900,41900,"San Germán, PR",M1,571523710,383938385,319
310M200US35260,35260,"New Castle, PA",M2,927644450,11783859,356
310M200US10620,10620,"Albemarle, NC",M2,1023267198,25262143,387
310M200US38920,38920,"Port Lavaca, TX",M2,1312707302,1361903536,305
310M200US27180,27180,"Jackson, TN",M1,2870688506,5035243,357
310M200US48660,48660,"Wichita Falls, TX",M1,6784779607,144176932,306
310M200US15900,15900,"Canton, IL",M2,2241881220,43973316,321
310M200US13140,13140,"Beaumont-Port Arthur, TX",M1,7858900936,764357196,308
310M200US43580,43580,"Sioux City, IA-NE-SD",M1,7606652092,57004560,312
310M200US18060,18060,"Columbus, MS",M2,1309362086,28275712,318
310M200US16260,16260,"Cedar City, UT",M2,8540444239,11393815,437
310M200US25420,25420,"Harrisburg-Carlisle, PA",M1,4200769972,108892430,313
310M200US31340,31340,"Lynchburg, VA",M1,5491610830,68345874,314
310M200US38220,38220,"Pine Bluff, AR",M1,5257910872,141461966,328
310M200US23820,23820,"Gardnerville Ranchos, NV",M2,1838162322,72317554,368
310M200US38060,38060,"Phoenix-Mesa-Scottsdale, AZ",M1,37723345418,87090580,315
310M200US26140,26140,"Homosassa Springs, FL",M1,1506814651,495875781,316
310M200US42220,42220,"Santa Rosa, CA",M1,4081401368,497545779,323
310M200US46140,46140,"Tulsa, OK",M1,16237914189,493634263,327
310M200US34660,34660,"Murray, KY",M2,997205960,66492717,388
310M200US37780,37780,"Pecos, TX",M2,6825586500,17396692,389
310M200US17640,17640,"Coco, PR",M2,179658633,115912951,332
310M200US33140,33140,"Michigan City-La Porte, IN",M1,1549587619,38747154,344
310M200US45620,45620,"Thomasville, GA",M2,1410508592,19729671,614
310M200US25200,25200,"Hailey, ID",M2,12731890656,67489913,329
310M200US18460,18460,"Cornelia, GA",M2,716754677,5917227,331
310M200US16700,16700,"Charleston-North Charleston, SC",M1,6703709452,1488568244,333
310M200US44980,44980,"Sunbury, PA",M2,1187166521,49616090,375
310M200US36260,36260,"Ogden-Clearfield, UT",M1,18724495302,3636133411,334
310M200US31740,31740,"Manhattan, KS",M1,3757530924,85659384,336
310M200US35840,35840,"North Port-Sarasota-Bradenton, FL",M1,3363761491,826870136,349
310M200US43300,43300,"Sherman-Denison, TX",M1,2415988554,120125251,337
310M200US39020,39020,"Portsmouth, OH",M2,1580450238,15365089,340
310M200US23140,23140,"Frankfort, IN",M2,1049119213,461117,374
310M200US33100,33100,"Miami-Fort Lauderdale-West Palm Beach, FL",M1,13143031301,2751866387,338
310M200US23540,23540,"Gainesville, FL",M1,3172084264,257185405,343
310M200US24740,24740,"Greenville, MS",M2,1877069947,94495553,339
310M200US12700,12700,"Barnstable Town, MA",M1,1019719596,2361606157,341
310M200US16660,16660,"Charleston-Mattoon, IL",M2,2212662326,7163106,342
310M200US39980,39980,"Richmond, IN",M2,1040508995,6732227,615
310M200US12940,12940,"Baton Rouge, LA",M1,10429568950,456494883,354
310M200US41760,41760,"Sandpoint, ID",M2,4492522261,478947473,347
310M200US27100,27100,"Jackson, MI",M1,1817308254,56538562,348
310M200US41220,41220,"St. Marys, GA",M2,1588171666,436849672,345
310M200US25460,25460,"Harrison, AR",M2,3655085444,36153708,346
310M200US45340,45340,"Taos, NM",M2,5705968167,3385857,350
310M200US37220,37220,"Pahrump, NV",M2,47091007513,43208096,351
310M200US27060,27060,"Ithaca, NY",M1,1229337772,43791325,544
310M200US20220,20220,"Dubuque, IA",M1,1575502131,21124442,352
310M200US33300,33300,"Milledgeville, GA",M2,1889879863,42487868,353
310M200US10740,10740,"Albuquerque, NM",M1,24041232928,37945456,359
310M200US46060,46060,"Tucson, AZ",M1,23794315879,5272990,360
310M200US40080,40080,"Richmond-Berea, KY",M2,1952453536,19442034,355
310M200US24380,24380,"Grants, NM",M2,11757111110,5799905,361
310M200US45180,45180,"Talladega-Sylacauga, AL",M2,3594135497,100885674,366
310M200US24020,24020,"Glens Falls, NY",M1,4398124453,205555372,358
310M200US39740,39740,"Reading, PA",M1,2218272198,24025110,367
310M200US28780,28780,"Kingsville, TX",M2,6059648840,1803565198,362
310M200US22340,22340,"Fitzgerald, GA",M2,647809281,9807002,393
310M200US14380,14380,"Boone, NC",M2,809507283,2330660,363
310M200US38460,38460,"Plattsburgh, NY",M2,2688025372,206355422,364
310M200US39060,39060,"Pottsville, PA",M2,2016651911,10828773,369
310M200US34420,34420,"Mount Pleasant, TX",M2,1051675989,50735385,370
310M200US15780,15780,"Camden, AR",M2,3525859486,27976561,371
310M200US16020,16020,"Cape Girardeau, MO-IL",M1,3708762118,72939821,372
310M200US14180,14180,"Blytheville, AR",M2,2332480023,49826383,380
310M200US26660,26660,"Huntsville, TX",M2,3827510695,97543542,381
310M200US31580,31580,"Madisonville, KY",M2,1403763228,32165537,382
310M200US18900,18900,"Crossville, TN",M2,1763849608,9823894,383
310M200US15220,15220,"Brownwood, TX",M2,2446081953,32417676,385
310M200US27340,27340,"Jacksonville, NC",M1,1975580966,370722481,390
310M200US21900,21900,"Fairmont, WV",M2,799642645,7186197,391
310M200US43700,43700,"Somerset, KY",M2,1705273861,48547347,392
310M200US39140,39140,"Prescott, AZ",M1,21039908975,11501645,394
310M200US35060,35060,"Natchitoches, LA",M2,3243341639,121033799,395
310M200US29660,29660,"Laramie, WY",M2,11070466417,89161356,403
310M200US25180,25180,"Hagerstown-Martinsburg, MD-WV",M1,2017398672,25843191,397
310M200US23500,23500,"Gaffney, SC",M2,1016985666,11701043,398
310M200US46860,46860,"Vernal, UT",M2,11602247815,56187300,399
310M200US35860,35860,"North Vernon, IN",M2,975363941,4546194,400
310M200US31020,31020,"Longview, WA",M1,2953144677,67322703,401
310M200US21060,21060,"Elizabethtown-Fort Knox, KY",M1,3082734643,72562640,404
310M200US13540,13540,"Bennington, VT",M2,1748195211,6930003,405
310M200US33780,33780,"Monroe, MI",M1,1422996385,338244107,406
310M200US47180,47180,"Vincennes, IN",M2,1336514269,20755095,407
310M200US20900,20900,"El Campo, TX",M2,2813116078,21288312,528
310M200US44340,44340,"Statesboro, GA",M2,1742653960,40877525,409
310M200US26220,26220,"Hood River, OR",M2,1351717728,29106847,410
310M200US42820,42820,"Selma, AL",M2,2534807336,39134779,411
310M200US16220,16220,"Casper, WY",M1,13831870984,91060297,414
310M200US48180,48180,"Waycross, GA",M2,3133676203,106962923,415
310M200US29300,29300,"LaGrange, GA",M2,1072232597,82803339,416
310M200US12300,12300,"Augusta-Waterville, ME",M2,2246747655,216782963,421
310M200US16540,16540,"Chambersburg-Waynesboro, PA",M1,2000052145,1544300,429
310M200US21700,21700,"Eureka-Arcata-Fortuna, CA",M2,9241033392,1254256580,417
310M200US44540,44540,"Sterling, CO",M2,4761982864,16363552,430
310M200US20660,20660,"Easton, MD",M2,695511663,539408617,418
310M200US43900,43900,"Spartanburg, SC",M1,3424298865,34021566,419
310M200US32620,32620,"McComb, MS",M2,2950300898,8218947,420
310M200US44460,44460,"Steamboat Springs, CO",M2,6117617656,15831752,422
310M200US41820,41820,"Sanford, NC",M2,660333360,10584996,423
310M200US31660,31660,"Malone, NY",M2,4219272762,177029048,431
310M200US16860,16860,"Chattanooga, TN-GA",M1,5410466958,126497676,424
310M200US15260,15260,"Brunswick, GA",M1,3331968240,828442623,425
310M200US44140,44140,"Springfield, MA",M1,2964007329,90781038,426
310M200US41400,41400,"Salem, OH",M2,1377695749,7239793,427
310M200US26020,26020,"Hobbs, NM",M2,11372050898,8468365,428
310M200US42140,42140,"Santa Fe, NM",M1,4945413451,3645651,432
310M200US44300,44300,"State College, PA",M1,2874687475,7878537,434
310M200US23180,23180,"Frankfort, KY",M2,1060818755,17337082,435
310M200US34020,34020,"Morgan City, LA",M2,1438844887,1460448898,436
310M200US38420,38420,"Platteville, WI",M2,2970369851,94553895,438
310M200US20540,20540,"Dyersburg, TN",M2,1326922852,36778060,442
310M200US21540,21540,"Escanaba, MI",M2,3033127270,2124385359,440
310M200US32740,32740,"Meadville, PA",M2,2621846782,65303115,441
310M200US23860,23860,"Georgetown, SC",M2,2107094107,572624628,443
310M200US34340,34340,"Mount Airy, NC",M2,1378304980,10715018,444
310M200US37260,37260,"Palatka, FL",M2,1885200103,256515550,596
310M200US20180,20180,"DuBois, PA",M2,2964817864,23932295,484
310M200US14500,14500,"Boulder, CO",M1,1881225057,36604910,513
310M200US19760,19760,"DeRidder, LA",M2,2997502277,21998956,445
310M200US39460,39460,"Punta Gorda, FL",M1,1761959932,460931983,446
310M200US45660,45660,"Tiffin, OH",M2,1427135453,4593158,447
310M200US39420,39420,"Pullman, WA",M2,5591999541,47939274,448
310M200US34740,34740,"Muskegon, MI",M1,1295051335,2486394719,449
310M200US43220,43220,"Shelton, WA",M2,2484997510,237129533,450
310M200US42420,42420,"Scottsbluff, NE",M2,9200241500,17707405,502
310M200US33540,33540,"Missoula, MT",M1,6716922381,64484091,451
310M200US39540,39540,"Racine, WI",M1,861188661,1190383449,618
310M200US40740,40740,"Roswell, NM",M2,15708999758,25504229,644
310M200US34580,34580,"Mount Vernon-Anacortes, WA",M1,4483876220,489272212,452
310M200US30260,30260,"Lewisburg, PA",M2,818399809,4638623,453
310M200US29700,29700,"Laredo, TX",M1,8706198536,36537711,454
310M200US29540,29540,"Lancaster, PA",M1,2444466839,103571319,455
310M200US14820,14820,"Brevard, NC",M2,980388978,5135210,457
310M200US12680,12680,"Bardstown, KY",M2,1081354534,16997399,459
310M200US31820,31820,"Manitowoc, WI",M2,1525725020,2343912867,460
310M200US43620,43620,"Sioux Falls, SD",M1,6671032918,27126729,462
310M200US43500,43500,"Silver City, NM",M2,10260554397,15353565,529
310M200US40220,40220,"Roanoke, VA",M1,4839940345,72650058,463
310M200US49180,49180,"Winston-Salem, NC",M1,5201850702,80932466,474
310M200US22900,22900,"Fort Smith, AR-OK",M1,8773671047,221594616,464
310M200US47420,47420,"Wahpeton, ND-MN",M2,5663688420,25518438,587
310M200US38780,38780,"Portales, NM",M2,6339061458,18703747,657
310M200US16980,16980,"Chicago-Naperville-Elgin, IL-IN-WI",M1,18639863244,6168548479,465
310M200US38180,38180,"Pierre, SD",M2,8269321606,506021733,514
310M200US12060,12060,"Atlanta-Sandy Springs-Roswell, GA",M1,22485743389,398493080,466
310M200US20140,20140,"Dublin, GA",M2,2875696046,38204428,788
310M200US14540,14540,"Bowling Green, KY",M1,4182598774,62146178,467
310M200US26820,26820,"Idaho Falls, ID",M1,13457008103,126028516,468
310M200US41140,41140,"St. Joseph, MO-KS",M1,4287703404,50999768,469
310M200US10660,10660,"Albert Lea, MN",M2,1831347177,39714549,508
310M200US17540,17540,"Clinton, IA",M2,1799830912,39514668,507
310M200US45220,45220,"Tallahassee, FL",M1,6184147166,556504751,470
310M200US30300,30300,"Lewiston, ID-WA",M1,3844328345,32663427,526
310M200US10500,10500,"Albany, GA",M1,5005396082,65702432,471
310M200US19660,19660,"Deltona-Daytona Beach-Ormond Beach, FL",M1,4108675135,1079745490,472
310M200US29900,29900,"Laurinburg, NC",M2,825813472,3821988,679
310M200US25980,25980,"Hinesville, GA",M1,2307131786,299278593,483
310M200US40340,40340,"Rochester, MN",M1,6415950878,74793561,488
310M200US15540,15540,"Burlington-South Burlington, VT",M1,3242924317,657475011,473
310M200US25540,25540,"Hartford-West Hartford-East Hartford, CT",M1,3922858928,238539987,478
310M200US36460,36460,"Olean, NY",M2,3388617683,36604676,619
310M200US19420,19420,"Dayton, TN",M2,816822921,54463447,620
310M200US45300,45300,"Tampa-St. Petersburg-Clearwater, FL",M1,6511715485,2116363967,475
310M200US40180,40180,"Riverton, WY",M2,23786070473,212130290,485
310M200US45900,45900,"Traverse City, MI",M2,4379940143,7440196033,479
310M200US17140,17140,"Cincinnati, OH-KY-IN",M1,10788785505,192507575,480
310M200US25860,25860,"Hickory-Lenoir-Morganton, NC",M1,4240784144,75213961,497
310M200US41540,41540,"Salisbury, MD-DE",M1,5435116412,2080609903,481
310M200US49740,49740,"Yuma, AZ",M1,14281187259,13175612,482
310M200US17580,17580,"Clovis, NM",M2,3638390107,8177722,651
310M200US30860,30860,"Logan, UT-ID",M1,4735748884,33321451,489
310M200US24260,24260,"Grand Island, NE",M1,5551275072,67070836,661
310M200US47080,47080,"Vidalia, GA",M2,1563141371,31476878,503
310M200US33460,33460,"Minneapolis-St. Paul-Bloomington, MN-WI",M1,19780993169,1248900916,486
310M200US29200,29200,"Lafayette-West Lafayette, IN",M1,3311166911,16373698,487
310M200US28660,28660,"Killeen-Temple, TX",M1,7293535549,110014401,494
310M200US29100,29100,"La Crosse-Onalaska, WI-MN",M1,2599673734,116619408,490
310M200US10580,10580,"Albany-Schenectady-Troy, NY",M1,7282102948,172593194,491
310M200US24940,24940,"Greenwood, SC",M2,2448090427,74346324,515
310M200US43460,43460,"Sikeston, MO",M2,1087765670,15199719,517
310M200US12420,12420,"Austin-Round Rock, TX",M1,10929925273,155426534,551
310M200US17780,17780,"College Station-Bryan, TX",M1,5439440249,86065301,492
310M200US39580,39580,"Raleigh, NC",M1,5486334833,75209779,493
310M200US36740,36740,"Orlando-Kissimmee-Sanford, FL",M1,9010971029,1378883738,496
310M200US16820,16820,"Charlottesville, VA",M1,5759364223,45553943,505
310M200US34980,34980,"Nashville-Davidson--Murfreesboro--Franklin, TN",M1,16321412291,197971309,498
310M200US36540,36540,"Omaha-Council Bluffs, NE-IA",M1,11265537355,149046392,500
310M200US44420,44420,"Staunton-Waynesboro, VA",M1,2595234255,10537830,506
310M200US19820,19820,"Detroit-Warren-Dearborn, MI",M1,10072889357,897205561,504
310M200US17220,17220,"Clarksburg, WV",M2,2353000582,10811562,564
310M200US46520,46520,"Urban Honolulu, HI",M1,1555614857,4054819637,509
310M200US30020,30020,"Lawton, OK",M1,4408014296,61426331,527
310M200US37580,37580,"Paris, TX",M2,2349622252,67103114,510
310M200US27900,27900,"Joplin, MO",M1,3271758255,11950935,511
310M200US29460,29460,"Lakeland-Winter Haven, FL",M1,4656150384,550911349,624
310M200US37100,37100,"Oxnard-Thousand Oaks-Ventura, CA",M1,4773381220,945947857,512
310M200US45380,45380,"Taylorville, IL",M2,1837278878,16221508,856
310M200US35980,35980,"Norwich-New London, CT",M1,1722462361,276799233,518
310M200US10780,10780,"Alexandria, LA",M1,5079062450,169057036,532
310M200US43780,43780,"South Bend-Mishawaka, IN-MI",M1,2455177044,56341408,662
310M200US36380,36380,"Okeechobee, FL",M2,1991730054,318560333,541
310M200US33660,33660,"Mobile, AL",M1,3184117214,1073855913,533
310M200US26860,26860,"Indiana, PA",M2,2141999615,18812207,534
310M200US32500,32500,"Maysville, KY",M2,621929398,16276296,588
310M200US18580,18580,"Corpus Christi, TX",M1,4620624351,1599394603,520
310M200US15860,15860,"Cañon City, CO",M2,3970640039,2235391,521
310M200US30820,30820,"Lock Haven, PA",M2,2299868499,23178617,547
310M200US17380,17380,"Cleveland, MS",M2,2270314529,75742116,522
310M200US28700,28700,"Kingsport-Bristol-Bristol, TN-VA",M1,5205808142,96169205,523
310M200US36140,36140,"Ocean City, NJ",M1,651209912,955666225,524
310M200US31860,31860,"Mankato-North Mankato, MN",M1,3098495071,93236413,525
310M200US32220,32220,"Marshall, TX",M2,2330820964,40969626,535
310M200US13420,13420,"Bemidji, MN",M2,6487146049,1426174983,548
310M200US49420,49420,"Yakima, WA",M1,11125444980,41107261,577
310M200US18260,18260,"Cookeville, TN",M2,2960919731,35497904,536
310M200US26090,26090,"Holland, MI",M2,2137343981,2610850584,863
310M200US49340,49340,"Worcester, MA-CT",M1,5240892553,199153478,537
310M200US41740,41740,"San Diego-Carlsbad, CA",M1,10895213672,826296339,538
310M200US31420,31420,"Macon, GA",M1,4461725568,38847836,539
310M200US45820,45820,"Topeka, KS",M1,8372473532,148304222,540
310M200US39860,39860,"Red Wing, MN",M2,1960200565,61025133,555
310M200US21020,21020,"Elizabeth City, NC",M2,1851030277,554076240,543
310M200US27220,27220,"Jackson, WY-ID",M2,11512074947,575103836,542
310M200US12020,12020,"Athens-Clarke County, GA",M1,2654353456,26370451,563
310M200US28300,28300,"Keene, NH",M2,1830366195,57990900,545
310M200US13820,13820,"Birmingham-Hoover, AL",M1,13674030017,233616466,546
310M200US15700,15700,"Cambridge, MD",M2,1400531473,1145398225,549
310M200US48620,48620,"Wichita, KS",M1,12981358617,92861352,732
310M200US35140,35140,"Newberry, SC",M2,1631805561,44657899,552
310M200US38740,38740,"Poplar Bluff, MO",M2,1799185240,11194772,553
310M200US27860,27860,"Jonesboro, AR",M1,3795886825,27667813,554
310M200US30880,30880,"Logan, WV",M2,1175311683,4728037,576
310M200US37620,37620,"Parkersburg-Vienna, WV",M1,1550810383,33051014,556
310M200US24580,24580,"Green Bay, WI",M1,4843746690,2534614910,557
310M200US24500,24500,"Great Falls, MT",M1,6988418163,34238464,568
310M200US29740,29740,"Las Cruces, NM",M1,9862372174,17591659,559
310M200US36620,36620,"Ontario, OR-ID",M2,26662233039,118070416,558
310M200US28820,28820,"Kinston, NC",M2,1037491853,5802398,572
310M200US38940,38940,"Port St. Lucie, FL",M1,2888888624,843117752,573
310M200US46700,46700,"Vallejo-Fairfield, CA",M1,2128362628,218664495,560
310M200US11140,11140,"Americus, GA",M2,1682459688,28168003,561
310M200US23300,23300,"Freeport, IL",M2,1462175841,1385929,562
310M200US19260,19260,"Danville, VA",M2,2620773956,26514035,574
310M200US25940,25940,"Hilton Head Island-Bluffton-Beaufort, SC",M1,3189787043,1013139045,565
310M200US47460,47460,"Walla Walla, WA",M1,5539408616,87394643,566
310M200US15420,15420,"Burley, ID",M2,8605672365,53190885,567
310M200US15820,15820,"Campbellsville, KY",M2,689791762,27162505,575
310M200US44660,44660,"Stillwater, OK",M2,1773393768,31771389,885
310M200US16060,16060,"Carbondale-Marion, IL",M1,2600958222,110062732,569
310M200US47020,47020,"Victoria, TX",M1,4491432457,36383637,570
310M200US11940,11940,"Athens, TN",M2,1114009044,5340544,571
310M200US40380,40380,"Rochester, NY",M1,8459599412,5126898044,580
310M200US22280,22280,"Fernley, NV",M2,5182918074,59602521,585
310M200US23620,23620,"Gainesville, TX",M2,2265616170,61333858,584
310M200US22800,22800,"Fort Madison-Keokuk, IA-IL-MO",M2,4703265394,127299956,839
310M200US34220,34220,"Moultrie, GA",M2,1409383646,32304997,586
310M200US44060,44060,"Spokane-Spokane Valley, WA",M1,14611487513,272314704,581
310M200US22660,22660,"Fort Collins, CO",M1,6723925862,98109570,594
310M200US38340,38340,"Pittsfield, MA",M1,2400493140,50744639,743
310M200US24620,24620,"Greeneville, TN",M2,1611346172,5099643,582
310M200US45740,45740,"Toccoa, GA",M2,463948108,13121937,583
310M200US22580,22580,"Forest City, NC",M2,1460866901,4676879,606
310M200US37460,37460,"Panama City, FL",M1,3398182827,1205718105,589
310M200US19000,19000,"Cullowhee, NC",M2,1271085217,9779074,590
310M200US27460,27460,"Jamestown-Dunkirk-Fredonia, NY",M2,2745973888,1139483730,705
310M200US13380,13380,"Bellingham, WA",M1,5456494469,1027129386,592
310M200US22140,22140,"Farmington, NM",M1,14278838629,65673301,593
310M200US33180,33180,"Middlesborough, KY",M2,929806589,5480855,597
310M200US47780,47780,"Washington, IN",M2,1112371102,19127743,675
310M200US29380,29380,"Lake City, FL",M2,2065626739,9773959,630
310M200US40940,40940,"Safford, AZ",M2,11972307736,47704127,598
310M200US46660,46660,"Valdosta, GA",M1,4116442098,102347808,599
310M200US49700,49700,"Yuba City, CA",M1,3197202340,46750406,607
310M200US40580,40580,"Rocky Mount, NC",M1,2708235052,9748810,633
310M200US17420,17420,"Cleveland, TN",M1,1977283643,26793304,631
310M200US36020,36020,"Oak Harbor, WA",M2,539898584,800096249,600
310M200US42780,42780,"Selinsgrove, PA",M2,851343884,7291931,715
310M200US14140,14140,"Bluefield, WV-VA",M2,2428930725,7349349,601
310M200US38620,38620,"Ponca City, OK",M2,2382084814,65369699,753
310M200US31540,31540,"Madison, WI",M1,8571060358,200235637,608
310M200US20700,20700,"East Stroudsburg, PA",M1,1575560081,23131118,603
310M200US36420,36420,"Oklahoma City, OK",M1,14274998021,181581533,829
310M200US40700,40700,"Roseburg, OR",M2,13044369135,252033343,602
310M200US48700,48700,"Williamsport, PA",M1,3182061079,39456941,612
310M200US48780,48780,"Williston, ND",M2,5380439857,182522840,604
310M200US39660,39660,"Rapid City, SD",M1,20213817245,56156476,605
310M200US23700,23700,"Gallup, NM",M2,14114969855,14130259,634
310M200US15460,15460,"Burlington, IA-IL",M2,2059054819,77608432,757
310M200US11060,11060,"Altus, OK",M2,2078855902,4114419,609
310M200US35440,35440,"Newport, OR",M2,2537577041,554316228,903
310M200US46340,46340,"Tyler, TX",M1,2386630581,73136762,610
310M200US39900,39900,"Reno, NV",M1,17004014251,623065119,625
310M200US31700,31700,"Manchester-Nashua, NH",M1,2269220238,41604845,626
310M200US15680,15680,"California-Lexington Park, MD",M1,925191724,1054210199,623
310M200US28620,28620,"Kill Devil Hills, NC",M2,2000222119,3585817559,616
310M200US46540,46540,"Utica-Rome, NY",M1,6795957319,237512250,781
310M200US17660,17660,"Coeur d'Alene, ID",M1,3222281591,185181763,881
310M200US14220,14220,"Bogalusa, LA",M2,1734071790,16460916,617
310M200US20260,20260,"Duluth, MN-WI",M1,21789782199,2075552284,621
310M200US48900,48900,"Wilmington, NC",M1,2749031421,516884897,622
310M200US19220,19220,"Danville, KY",M2,1329044544,15775911,902
310M200US47220,47220,"Vineland-Bridgeton, NJ",M1,1252937982,502092013,632
310M200US11500,11500,"Anniston-Oxford-Jacksonville, AL",M1,1569245771,16568584,635
310M200US23340,23340,"Fremont, NE",M2,1369351963,37010156,637
310M200US23460,23460,"Gadsden, AL",M1,1386505888,34436545,884
310M200US31930,31930,"Marietta, OH",M2,1636799206,20785063,643
310M200US17300,17300,"Clarksville, TN-KY",M1,4398075093,132335522,658
310M200US34820,34820,"Myrtle Beach-Conway-North Myrtle Beach, SC-NC",M1,5136165592,833808218,638
310M200US40100,40100,"Rio Grande City, TX",M2,3168060433,15302229,640
310M200US21220,21220,"Elko, NV",M2,55284578854,96836079,647
310M200US26380,26380,"Houma-Thibodaux, LA",M1,5957070648,3239862878,639
310M200US30280,30280,"Lewisburg, TN",M2,972436981,1801808,641
310M200US21820,21820,"Fairbanks, AK",M1,19006935117,272298859,648
310M200US43340,43340,"Shreveport-Bossier City, LA",M1,8255229021,326622308,649
310M200US49620,49620,"York-Hanover, PA",M1,2341819924,16940560,650
310M200US15380,15380,"Buffalo-Cheektowaga-Niagara Falls, NY",M1,4053478183,2075788304,652
310M200US41100,41100,"St. George, UT",M1,6284076375,9250777,653
310M200US12540,12540,"Bakersfield, CA",M1,21061727156,79488696,654
310M200US10900,10900,"Allentown-Bethlehem-Easton, PA-NJ",M1,3763879229,58582138,655
310M200US15980,15980,"Cape Coral-Fort Myers, FL",M1,2031545487,1108506337,656
310M200US22860,22860,"Fort Polk South, LA",M2,3439276087,35153811,663
310M200US44940,44940,"Sumter, SC",M1,1722537921,44054032,664
310M200US46100,46100,"Tullahoma-Manchester, TN",M2,2881800291,72655850,739
310M200US33740,33740,"Monroe, LA",M1,3852321195,128888913,707
310M200US46900,46900,"Vernon, TX",M2,2514474406,18257915,668
310M200US25720,25720,"Heber, UT",M2,3044477325,78963795,669
310M200US25900,25900,"Hilo, HI",M2,10433650768,2739477737,665
310M200US26340,26340,"Houghton, MI",M2,4012466372,15328958880,666
310M200US17340,17340,"Clearlake, CA",M2,3254241507,188959508,667
310M200US12820,12820,"Bastrop, LA",M2,2058870242,28878799,706
310M200US20100,20100,"Dover, DE",M1,1518598004,549069137,670
310M200US47300,47300,"Visalia-Porterville, CA",M1,12494776154,37391591,673
310M200US33700,33700,"Modesto, CA",M1,3870792977,51176485,676
310M200US39340,39340,"Provo-Orem, UT",M1,13974786799,400877098,674
310M200US21500,21500,"Erie, PA",M1,2069949565,1965850804,677
310M200US28580,28580,"Key West, FL",M2,2546076939,7133348785,672
310M200US41060,41060,"St. Cloud, MN",M1,4535661520,134110732,678
310M200US25060,25060,"Gulfport-Biloxi-Pascagoula, MS",M1,4585573777,2098816299,681
310M200US36580,36580,"Oneonta, NY",M2,2594415511,36387187,717
310M200US35460,35460,"Newport, TN",M2,1125578014,22116574,682
310M200US32540,32540,"McAlester, OK",M2,3381152561,187399166,683
310M200US31460,31460,"Madera, CA",M1,5535058233,41957135,684
310M200US28420,28420,"Kennewick-Richland, WA",M1,7620990131,214519183,685
310M200US19180,19180,"Danville, IL",M1,2326763518,7534496,686
310M200US47820,47820,"Washington, NC",M2,2143054135,338699325,716
310M200US46460,46460,"Union City, TN-KY",M2,1944536021,91518909,689
310M200US24780,24780,"Greenville, NC",M1,1687880373,8107886,690
310M200US13460,13460,"Bend-Redmond, OR",M1,7817045465,94746119,691
310M200US27380,27380,"Jacksonville, TX",M2,2727190286,23872803,692
310M200US14860,14860,"Bridgeport-Stamford-Norwalk, CT",M1,1618655647,548962761,693
310M200US44700,44700,"Stockton-Lodi, CA",M1,3603645870,91127736,694
310M200US42620,42620,"Searcy, AR",M2,2680817964,18326633,695
310M200US32900,32900,"Merced, CA",M1,5011530566,112781256,812
310M200US21180,21180,"Elkins, WV",M2,2692796426,667359,697
310M200US34940,34940,"Naples-Immokalee-Marco Island, FL",M1,5175994948,793859607,698
310M200US21580,21580,"Española, NM",M2,15179491054,91465583,699
310M200US10140,10140,"Aberdeen, WA",M2,4926218585,834956691,700
310M200US24220,24220,"Grand Forks, ND-MN",M1,8825308989,77226396,708
310M200US33980,33980,"Morehead City, NC",M2,1311157666,2160963597,709
310M200US13060,13060,"Bay City, TX",M2,2849704446,1326675922,701
310M200US19460,19460,"Decatur, AL",M1,3289382814,119693416,702
310M200US12860,12860,"Batavia, NY",M2,1276697652,6142592,704
310M200US48060,48060,"Watertown-Fort Drum, NY",M1,3285857552,1524359927,710
310M200US22520,22520,"Florence-Muscle Shoals, AL",M1,3264213013,214450291,711
310M200US13500,13500,"Bennettsville, SC",M2,1242378725,14475689,712
310M200US36660,36660,"Opelousas, LA",M2,2392904243,39047376,713
310M200US20500,20500,"Durham-Chapel Hill, NC",M1,4553935014,142296935,828
310M200US38660,38660,"Ponce, PR",M1,1043364786,557653641,714
310M200US34100,34100,"Morristown, TN",M1,1129292788,140081578,718
310M200US29980,29980,"Lawrenceburg, TN",M2,1598356774,2228109,719
310M200US10380,10380,"Aguadilla-Isabela, PR",M1,1222489567,358947522,720
310M200US49100,49100,"Winona, MN",M2,1621877195,39812919,726
310M200US46380,46380,"Ukiah, CA",M2,9081415546,962953371,721
310M200US45540,45540,"The Villages, FL",M1,1417703612,84037410,722
310M200US25500,25500,"Harrisonburg, VA",M1,2244206064,11238954,723
310M200US25300,25300,"Hannibal, MO",M2,2348354809,55510736,725
310M200US40860,40860,"Rutland, VT",M2,2408234745,38735277,729
310M200US44020,44020,"Spirit Lake, IA",M2,985764408,60490793,730
310M200US31680,31680,"Malvern, AR",M2,1593384273,18035672,731
310M200US40780,40780,"Russellville, AR",M2,4513146602,96078148,733
310M200US34860,34860,"Nacogdoches, TX",M2,2451523984,89758917,734
310M200US34460,34460,"Mount Sterling, KY",M2,1760541548,23430914,758
310M200US36700,36700,"Orangeburg, SC",M2,2864676330,56530741,735
310M200US21120,21120,"Elk City, OK",M2,2335665036,5527161,736
310M200US15580,15580,"Butte-Silver Bow, MT",M2,1860834266,1488376,752
310M200US39500,39500,"Quincy, IL-MO",M2,3523024934,56685933,909
310M200US13900,13900,"Bismarck, ND",M1,13922499584,252946940,737
310M200US14010,14010,"Bloomington, IL",M1,4094418811,27168534,738
310M200US29260,29260,"La Grande, OR",M2,5274790649,4995927,794
310M200US33860,33860,"Montgomery, AL",M1,7026957028,189816132,740
310M200US32180,32180,"Marshall, MO",M2,1956756360,29548018,742
310M200US28180,28180,"Kapaa, HI",M2,1605634000,1674170048,745
310M200US43060,43060,"Shawnee, OK",M2,2040060361,14842418,795
310M200US11740,11740,"Ashland, OH",M2,1095437984,9969104,796
310M200US46820,46820,"Vermillion, SD",M2,1067562650,13071016,763
310M200US17020,17020,"Chico, CA",M1,4238422630,105325735,746
310M200US44100,44100,"Springfield, IL",M1,3063280587,25218752,782
310M200US29820,29820,"Las Vegas-Henderson-Paradise, NV",M1,20437567383,440056829,748
310M200US49020,49020,"Winchester, VA-WV",M1,2753433356,16219862,750
310M200US16180,16180,"Carson City, NV",M1,374670747,32587486,751
310M200US27140,27140,"Jackson, MS",M1,12041172381,207807726,754
310M200US25840,25840,"Hermiston-Pendleton, OR",M2,13589975809,84972095,775
310M200US30940,30940,"London, KY",M2,3258431056,47847415,755
310M200US35300,35300,"New Haven-Milford, CT",M1,1565618346,667120683,762
310M200US49460,49460,"Yankton, SD",M2,1349811536,28629259,764
310M200US42860,42860,"Seneca, SC",M2,1622110661,122278146,756
310M200US35220,35220,"New Castle, IN",M2,1014954786,7655120,820
310M200US19060,19060,"Cumberland, MD-WV",M1,1947653065,18535348,759
310M200US11820,11820,"Astoria, OR",M2,2147298726,661241618,760
310M200US28900,28900,"Klamath Falls, OR",M2,15387233042,503754867,761
310M200US17700,17700,"Coffeyville, KS",M2,1666728671,20601457,770
310M200US42940,42940,"Sevierville, TN",M2,1534597675,13491710,765
310M200US45060,45060,"Syracuse, NY",M1,6176905547,1020646829,773
310M200US12900,12900,"Batesville, AR",M2,1978630939,19594216,766
310M200US12220,12220,"Auburn-Opelika, AL",M1,1573552207,21488919,767
310M200US43260,43260,"Sheridan, WY",M2,6537116226,7986337,768
310M200US20580,20580,"Eagle Pass, TX",M2,3313356267,32333391,783
310M200US20460,20460,"Durant, OK",M2,2342540740,102255858,769
310M200US32580,32580,"McAllen-Edinburg-Mission, TX",M1,4068598598,31113862,774
310M200US39940,39940,"Rexburg, ID",M2,6041798924,93681212,776
310M200US22180,22180,"Fayetteville, NC",M1,2701923306,19282061,779
310M200US18140,18140,"Columbus, OH",M1,12423288761,138853043,780
310M200US39220,39220,"Price, UT",M2,3829325942,15774022,785
310M200US24100,24100,"Gloversville, NY",M2,1283235713,96916353,786
310M200US21660,21660,"Eugene, OR",M1,11792478666,436989896,777
310M200US36980,36980,"Owensboro, KY",M1,2327090442,85986249,778
310M200US37500,37500,"Paragould, AR",M2,1496270637,4789563,800
310M200US38820,38820,"Port Angeles, WA",M2,4503157980,2413676105,789
310M200US27700,27700,"Jesup, GA",M2,1662237948,18136042,790
310M200US21780,21780,"Evansville, IN-KY",M1,3793352952,125267855,791
310M200US41460,41460,"Salina, KS",M2,3732062916,4371284,801
310M200US46220,46220,"Tuscaloosa, AL",M1,7373856145,131613381,792
310M200US21260,21260,"Ellensburg, WA",M2,5950703697,92366017,793
310M200US35100,35100,"New Bern, NC",M1,3927054810,771513079,797
310M200US36300,36300,"Ogdensburg-Massena, NY",M2,6942149241,365344235,803
310M200US24660,24660,"Greensboro-High Point, NC",M1,5161789094,69157455,804
310M200US25760,25760,"Helena-West Helena, AR",M2,1801752149,82056026,798
310M200US43180,43180,"Shelbyville, TN",M2,1226717441,2983152,805
310M200US37140,37140,"Paducah, KY-IL",M2,2708468605,207877171,799
310M200US34060,34060,"Morgantown, WV",M1,2612959181,21753756,888
310M200US17900,17900,"Columbia, SC",M1,9590266965,339803616,802
310M200US14700,14700,"Branson, MO",M2,2839853037,170793698,889
310M200US13220,13220,"Beckley, WV",M1,3281356869,27857197,806
310M200US11980,11980,"Athens, TX",M2,2262941840,193237933,807
310M200US47580,47580,"Warner Robins, GA",M1,2006841389,19638264,808
310M200US20780,20780,"Edwards, CO",M2,4362873878,18844075,809
310M200US45000,45000,"Susanville, CA",M2,11761622226,463440332,810
310M200US38540,38540,"Pocatello, ID",M1,2880036575,91799986,813
310M200US44580,44580,"Sterling, IL",M2,1772198884,31796433,814
310M200US45940,45940,"Trenton, NJ",M1,581626924,11191986,827
310M200US34180,34180,"Moses Lake, WA",M2,6939864964,289575831,815
310M200US37340,37340,"Palm Bay-Melbourne-Titusville, FL",M1,2629913256,1402835905,816
310M200US49080,49080,"Winnemucca, NV",M2,24969524983,44196981,838
310M200US19340,19340,"Davenport-Moline-Rock Island, IA-IL",M1,5878767413,114047644,817
310M200US31260,31260,"Lufkin, TX",M2,2066240115,173369515,842
310M200US17200,17200,"Claremont-Lebanon, NH-VT",M2,10107504226,176274752,819
310M200US27740,27740,"Johnson City, TN",M1,2211415885,26140919,822
310M200US19740,19740,"Denver-Aurora-Lakewood, CO",M1,21615343186,147569563,830
310M200US13780,13780,"Binghamton, NY",M1,3171119144,36307565,847
310M200US28380,28380,"Kennett, MO",M2,1401369313,15831425,826
310M200US41620,41620,"Salt Lake City, UT",M1,19900245769,1062134642,833
310M200US23940,23940,"Gillette, WY",M2,12438694466,10357543,834
310M200US12620,12620,"Bangor, ME",M1,8799074293,413603778,835
310M200US13020,13020,"Bay City, MI",M1,1145557666,487987302,849
310M200US18860,18860,"Crescent City, CA",M2,2606517997,578525673,836
310M200US24540,24540,"Greeley, CO",M1,10326656602,76677066,837
310M200US49220,49220,"Wisconsin Rapids-Marshfield, WI",M2,2054062243,42280557,850
310M200US41180,41180,"St. Louis, MO-IL",M1,20366562375,565401629,840
310M200US32300,32300,"Martinsville, VA",M2,1018617208,5433096,841
310M200US37060,37060,"Oxford, MS",M2,1636141949,123084030,859
310M200US14720,14720,"Breckenridge, CO",M2,1575560713,28287714,853
310M200US46740,46740,"Valley, AL",M2,1545009295,17048126,860
310M200US31140,31140,"Louisville/Jefferson County, KY-IN",M1,9267931333,160471376,843
310M200US22220,22220,"Fayetteville-Springdale-Rogers, AR-MO",M1,8192477797,129352025,844
310M200US36900,36900,"Ottumwa, IA",M2,2419105255,17750238,845
310M200US28860,28860,"Kirksville, MO",M2,2265278479,7684568,846
310M200US32660,32660,"McMinnville, TN",M2,1120635721,3508317,854
310M200US13720,13720,"Big Stone Gap, VA",M2,1919707104,13477224,848
310M200US16620,16620,"Charleston, WV",M1,4520544949,32485909,851
310M200US25580,25580,"Hastings, NE",M2,1458868934,2481405,852
310M200US49660,49660,"Youngstown-Warren-Boardman, OH-PA",M1,4409142508,108732898,855
310M200US33340,33340,"Milwaukee-Waukesha-West Allis, WI",M1,3768127484,4835953704,890
310M200US42300,42300,"Sault Ste. Marie, MI",M2,4036314385,2952483936,857
310M200US40260,40260,"Roanoke Rapids, NC",M2,3265133020,54672508,861
310M200US38580,38580,"Point Pleasant, WV-OH",M2,2323943124,48257503,867
310M200US35580,35580,"New Ulm, MN",M2,1583055851,18760322,868
310M200US20940,20940,"El Centro, CA",M1,10817387352,790204642,864
310M200US28140,28140,"Kansas City, MO-KS",M1,18791501348,305263033,876
310M200US17860,17860,"Columbia, MO",M1,1775514071,14289200,873
310M200US11680,11680,"Arkansas City-Winfield, KS",M2,2915656885,17314093,874
310M200US25260,25260,"Hanford-Corcoran, CA",M1,3598582248,5468555,875
310M200US35020,35020,"Natchez, MS-LA",M2,3002640445,195603580,869
310M200US18700,18700,"Corvallis, OR",M1,1750680183,6917948,872
310M200US40460,40460,"Rockingham, NC",M2,1227297998,15684090,877
310M200US47940,47940,"Waterloo-Cedar Falls, IA",M1,3893009687,28166453,878
310M200US31940,31940,"Marinette, WI-MI",M2,6328417665,1151930519,880
310M200US41980,41980,"San Juan-Carolina-Caguas, PR",M1,3724111451,1458574183,879
310M200US12180,12180,"Auburn, NY",M2,1791190067,445709273,908
310M200US24300,24300,"Grand Junction, CO",M1,8622143941,31432856,882
310M200US20980,20980,"El Dorado, AR",M2,2691561503,41401574,883
310M200US11260,11260,"Anchorage, AK",M1,68150402469,2345911364,886
310M200US22020,22020,"Fargo, ND-MN",M1,7278668455,26516448,887
310M200US45460,45460,"Terre Haute, IN",M1,3794374486,51286347,900
310M200US14780,14780,"Brenham, TX",M2,1564237320,46089367,892
310M200US31080,31080,"Los Angeles-Long Beach-Anaheim, CA",M1,12558100724,2202578405,891
310M200US48260,48260,"Weirton-Steubenville, WV-OH",M1,1502326587,29633337,893
310M200US27500,27500,"Janesville-Beloit, WI",M1,1859980191,20624336,894
310M200US49820,49820,"Zapata, TX",M2,2585875921,154370983,897
310M200US29060,29060,"Laconia, NH",M2,1036582289,177039345,898
310M200US37300,37300,"Palestine, TX",M2,2752130250,39879731,895
310M200US36500,36500,"Olympia-Tumwater, WA",M1,1869872177,133490871,896
310M200US24640,24640,"Greenfield Town, MA",M2,1811271706,65367968,899
310M200US38100,38100,"Picayune, MS",M2,2100183756,20778648,901
310M200US17260,17260,"Clarksdale, MS",M2,1430818363,79539460,911
310M200US27020,27020,"Iron Mountain, MI-WI",M2,3236434677,64694639,904
310M200US13980,13980,"Blacksburg-Christiansburg-Radford, VA",M1,3763114320,46183325,905
310M200US14740,14740,"Bremerton-Silverdale, WA",M1,1022895499,442827389,914
310M200US14580,14580,"Bozeman, MT",M2,6740987039,76055984,910
310M200US19620,19620,"Del Rio, TX",M2,8144863837,227711200,913
310M200US38900,38900,"Portland-Vancouver-Hillsboro, OR-WA",M1,17311263486,356267684,906
310M200US29180,29180,"Lafayette, LA",M1,8828910661,2348843797,907
310M200US20420,20420,"Durango, CO",M2,4382664379,19545452,915
310M200US34900,34900,"Napa, CA",M1,1938253730,104163348,919
310M200US47240,47240,"Vineyard Haven, MA",M2,267403598,1004179934,920
310M200US42100,42100,"Santa Cruz-Watsonville, CA",M1,1152864628,419570859,926
310M200US22500,22500,"Florence, SC",M1,3525226011,24430187,921
310M200US27940,27940,"Juneau, AK",M2,6998180840,1429473426,922
310M200US26620,26620,"Huntsville, AL",M1,3526348837,151145239,923
310M200US35660,35660,"Niles-Benton Harbor, MI",M1,1470458175,2625533770,924
310M200US26500,26500,"Huntingdon, PA",M2,2265336839,37851926,925
310M200US15180,15180,"Brownsville-Harlingen, TX",M1,2307835511,998174072,927
310M200US29340,29340,"Lake Charles, LA",M1,6082764661,1767344418,928
310M200US11660,11660,"Arkadelphia, AR",M2,2243121924,43395969,929
